gene_ID,gene_sym,seqfull,transcripts,name
ENSG00000137807,KIF23,CAGAAATGCTGCTGCAAGAGTTAGAGCGCCTATGTAGCTGTGGCTGGCTCATGAGTTGCT,"['ENST00000561089', 'ENST00000395392', 'ENST00000260363', 'ENST00000679126', 'ENST00000647715']",KIF23_1
ENSG00000137807,KIF23,GAGACGAATTGGTGGTGCGTTCTGATCAGGTTGAAAGAGTAACCTGCCGCAATGATCCTC,"['ENST00000260363', 'ENST00000679126', 'ENST00000647715']",KIF23_2
ENSG00000137807,KIF23,GGAACCACCTCCCTGCCTTCAGTCCAGTACATCCCTCGCCTTCTGTCTGACACGATACAA,"['ENST00000561089', 'ENST00000395392', 'ENST00000260363', 'ENST00000679126', 'ENST00000647715']",KIF23_3
ENSG00000137807,KIF23,TGCTTTGTCCTGGCTCCTGCTGCCTACGCCTTGCAATAGATGTGACTTTGAGAGGTGTGT,"['ENST00000561089', 'ENST00000395392', 'ENST00000260363', 'ENST00000679126', 'ENST00000647715']",KIF23_4
ENSG00000114346,ECT2,AAATAGTCTTAATCTCCTCTGGTGCAAGGATAGGTCCACCACGTTGTCCTTCCTCTTCCA,"['ENST00000232458', 'ENST00000444250', 'ENST00000417960', 'ENST00000441497', 'ENST00000540509', 'ENST00000392692']",ECT2_1
ENSG00000114346,ECT2,AAGGACTTCTTCCCTCCACTGAGCCGTGGGATGTCATAAGAGCCCTTCGAAGAGCTCTTT,"['ENST00000486027', 'ENST00000232458', 'ENST00000417960', 'ENST00000441497', 'ENST00000437296', 'ENST00000540509', 'ENST00000392692']",ECT2_2
ENSG00000114346,ECT2,CTCTTCAACTACAAGGTGAGTGCATCTTTCATCTCCAAGCGGTAAATATTTACCTCCTTG,"['ENST00000232458', 'ENST00000417960', 'ENST00000441497', 'ENST00000540509', 'ENST00000392692']",ECT2_3
ENSG00000114346,ECT2,ACTGGGTAACCTCTGTACTGGTCGGATAAGAAGTTCAACAAGGCTCTGCCGTCCACATTC,"['ENST00000232458', 'ENST00000417960', 'ENST00000441497', 'ENST00000540509', 'ENST00000392692']",ECT2_4
ENSG00000175216,CKAP5,AGAGGGACCAACATACAGATACATCACGCCAAGCAGGGTTATGGCAGCAGTCCTCACAGC,"['ENST00000529230', 'ENST00000312055', 'ENST00000354558']",CKAP5_1
ENSG00000175216,CKAP5,CAATTTAGCTTCTAGTTCTTGTTGGGAACGAAGAAATCGAGTAGGTCTAGGAGCACTTGT,"['ENST00000529230', 'ENST00000312055', 'ENST00000354558']",CKAP5_2
ENSG00000175216,CKAP5,CAGCTGGGTCAGAACCAAGCGGCCTGCTCTAAGCCGTTTGAAACCGCTTGGGCCGCCGCA,"['ENST00000312055', 'ENST00000525248']",CKAP5_3
ENSG00000175216,CKAP5,TCCTCACTAATGCCTGGCATGGCATTTCAGTTCGGTCCATTAGCTCAACAGCCTTCTGGA,"['ENST00000529230', 'ENST00000312055', 'ENST00000354558']",CKAP5_4
ENSG00000100401,RANGAP1,AGCAGCCTGGTGAGGAAGGTGTTGGAGTTGAAGGACGAGGAGTTGAAAGCCTTCTGCATC,"['ENST00000405486', 'ENST00000455915', 'ENST00000356244']",RANGAP1_1
ENSG00000100401,RANGAP1,AAGGGATGGGAGAGGCTTTGAGTCTAGACCTTGTACAGCGTCTGCAGCAGACTGTGGCGG,"['ENST00000405486', 'ENST00000455915', 'ENST00000356244']",RANGAP1_2
ENSG00000100401,RANGAP1,GCTTGCCTTGGGCACTGGATTTCCGGTGACATTCGGTCAGAGCTGCAGCCAGGATCTTGC,"['ENST00000405486', 'ENST00000455915', 'ENST00000356244']",RANGAP1_3
ENSG00000100401,RANGAP1,GTGGCCAGAGTCCTGTCCAAGGCAATGGCGTAGGCTGCGCCTCAGTTCATCCGAGTCCCT,"['ENST00000405486', 'ENST00000455915', 'ENST00000356244']",RANGAP1_4
ENSG00000112312,GMNN,CTCTTGCCCACTTACTGGGTGGAGACGCTCAATCCTCGTAGCGAACGCACGTAGCTATGG,['ENST00000230056'],GMNN_1
ENSG00000112312,GMNN,ATGCATTTCATATACATGGCTTTGCATCCGTAGAGGAAGATACAGTTCCTTCAGCACACG,"['ENST00000620958', 'ENST00000356509', 'ENST00000230056']",GMNN_2
ENSG00000112312,GMNN,AGCTGTCAAAGTAGGACGCGGCTTCAGAGGTTGGCCGGAGGGAAAGCGAGTCGTCTAGAG,['ENST00000230056'],GMNN_3
ENSG00000112312,GMNN,GAGTTGGCATTATGTAGTTATGTACTCTGCTACAAAGAACTAGTGGAGGTAAACTTCGGC,"['ENST00000620958', 'ENST00000356509', 'ENST00000230056']",GMNN_4
ENSG00000176890,TYMS,GAGCAGATAAGTGGCAGTACAGAATGAACAAAGCGTGGACGAATGCAGAACACTTCTTTA,['ENST00000323274'],TYMS_1
ENSG00000176890,TYMS,AACCACACTCTACATCATGATCGATGGTGTTACTCAGCTCCCTCAGATTTGAGGGAATAG,"['ENST00000323224', 'ENST00000323274']",TYMS_2
ENSG00000176890,TYMS,TGAAAGGCACACCGAGGCCCATGTCTCCCGATCTCTGGTACAGCTGGCAGGACAGCTCAC,"['ENST00000581920', 'ENST00000323224', 'ENST00000323274', 'ENST00000323250']",TYMS_3
ENSG00000176890,TYMS,CCTAAAGACTGACAATATCCTTCGAGCTCCTTTGAAAGCACCCTAAACAGCCATTTCCAT,"['ENST00000581920', 'ENST00000323224', 'ENST00000323274']",TYMS_4
ENSG00000173207,CKS1B,AGTTTCCAGTACACTGAAACATAAATCCGCAAGTCACCACACATACAACACCCGGCAGGA,"['ENST00000474215', 'ENST00000308987', 'ENST00000368439']",CKS1B_1
ENSG00000173207,CKS1B,AACTCCTCGTCGTCGTATTTGTCCGAATAGTAAATTTGTTTGTGCGACATGATCGCTCGG,"['ENST00000308987', 'ENST00000368439', 'ENST00000368436']",CKS1B_2
ENSG00000173207,CKS1B,TTGCCAGCTTCATTTCTTTGGTTTCTTGGGTAGTGGGCGCCGGAACAGCAAGATGTGAGG,"['ENST00000474215', 'ENST00000308987', 'ENST00000471245', 'ENST00000473344', 'ENST00000368439', 'ENST00000477676']",CKS1B_3
ENSG00000173207,CKS1B,CAGCAAGTTTACATGATCCCTGTAACAGCCATGGTCTCAAACTCAGATGCTTCCTCCATC,"['ENST00000474215', 'ENST00000308987', 'ENST00000368439', 'ENST00000477676']",CKS1B_4
ENSG00000076248,UNG,CTCCTTATGAGAGTTGGCTTGATGGGCACGAACCGTGAGGACAGCGTTGAGAAGGAGAAC,"['ENST00000446767', 'ENST00000336865', 'ENST00000242576', 'ENST00000539287']",UNG_1
ENSG00000076248,UNG,AAAGCAGAGCCCGTGAGCTTGATTAGGTCCATGATATGGATCCTGTCCCAGGATGACAAC,"['ENST00000336865', 'ENST00000242576', 'ENST00000539287']",UNG_2
ENSG00000076248,UNG,AACCTCTACTACAATCAGGAAATTGAGCCCTAATTTCTGGGCCAGATTCTGGAAAGTTGC,"['ENST00000446767', 'ENST00000336865', 'ENST00000242576', 'ENST00000539287']",UNG_3
ENSG00000076248,UNG,ACACCCAAGGAATAACAAGACCCAGCTTACTTCTCTCGGTCTCTTATCTGATAAAGCTCA,"['ENST00000446767', 'ENST00000336865', 'ENST00000242576', 'ENST00000539287']",UNG_4
ENSG00000171848,RRM2,AACTGGCTGTGCTGGTTAAAGGACTGTTTAATCCCGCTGTGCTAAGCTCACTAAAGGGTC,"['ENST00000615152', 'ENST00000641198', 'ENST00000652660', 'ENST00000360566', 'ENST00000304567']",RRM2_1
ENSG00000171848,RRM2,GTTGGACTTGACATCACTCCCATCCTCTGATACTCGCCTACTCTCTTCTCAAAGAAGTTA,"['ENST00000615152', 'ENST00000641198', 'ENST00000652660', 'ENST00000360566', 'ENST00000304567']",RRM2_2
ENSG00000171848,RRM2,ATTATTTCTCTTACTCTCTCCTCCGATGGTTTGTGTACCAGGTGTTTGAACATCAGGCAA,"['ENST00000615152', 'ENST00000641198', 'ENST00000485717', 'ENST00000652660', 'ENST00000360566', 'ENST00000641498', 'ENST00000304567']",RRM2_3
ENSG00000171848,RRM2,GTCACTTAGTGAATTGTGAATTGGCTCCCATTAGTGGTCAGGAGAATGTATTTGGTGTAG,"['ENST00000615152', 'ENST00000641198', 'ENST00000652660', 'ENST00000360566', 'ENST00000304567']",RRM2_4
ENSG00000011426,ANLN,AACCTCTAGATAGCATGGAAATTTCCCGGTTTAAGGCTTTCCAATAGGTTTGTAGCAAGC,"['ENST00000396068', 'ENST00000491782', 'ENST00000265748']",ANLN_1
ENSG00000011426,ANLN,CTTGCTTCTGAAAGTGGCTGTCTAGCTCGCTTAGCATGAGTCATAGACCTTGGAGCTGCT,"['ENST00000418118', 'ENST00000396068', 'ENST00000265748', 'ENST00000424865']",ANLN_2
ENSG00000011426,ANLN,AATGATAATGTGTAAGATCCAACAAGGGCGAAGTTGCTGGTTCGCACAGCACTAAGACCT,"['ENST00000396068', 'ENST00000457743', 'ENST00000265748', 'ENST00000428612']",ANLN_3
ENSG00000011426,ANLN,ACGATCTTCAGAACCAAGGCTATCACCAGATTCAGCTCGAGGGACACGAGTTCTTTGGAA,"['ENST00000396068', 'ENST00000446635', 'ENST00000265748']",ANLN_4
ENSG00000138778,CENPE,GAGTTTGTATAGGGATTGGGATAGGTAGGTTACCAGAAATGTGAGAAAGAACTTCTGTGG,['ENST00000380026'],CENPE_1
ENSG00000138778,CENPE,ATTTCTATTCTTGCCAGTGTTGTTGAGTCCTTGGTTGTGGACTGTTCTGTTAATAACTCC,"['ENST00000380026', 'ENST00000265148']",CENPE_2
ENSG00000138778,CENPE,GAGGATCAGTATGTTCTGATATCACTGAGGTATCTTGGGCCTGTTGACTTCTTCTGAGAT,"['ENST00000380026', 'ENST00000265148']",CENPE_3
ENSG00000138778,CENPE,GGTGATTCCTTTGGCACAGGATCTTGTAAATTCCGTTCCTTGCATTGAGAGGGTGTAATT,"['ENST00000380026', 'ENST00000265148']",CENPE_4
ENSG00000073111,MCM2,GGAAACAGACAGGGAGCAATGGCAGCTGATAACTGTGGCGAGTGGATAATCCGCATGACT,['ENST00000265056'],MCM2_1
ENSG00000073111,MCM2,CCTGACATCCATGTAAGAAGGCTAACACCTAAACCACACGCAGGCATCCTGAACTCAGCA,['ENST00000265056'],MCM2_2
ENSG00000073111,MCM2,CAGCAACCAAGTAAGACACACTGGCAAGGCATCCCACCCAAAGGTGAGAAGCACAAAGCA,"['ENST00000491422', 'ENST00000265056']",MCM2_3
ENSG00000073111,MCM2,TTCTGGGACTGGCAGAAAGGACCCAGGACGAAATTGCACTTGTTGCAGTTGTACTTGACC,"['ENST00000491422', 'ENST00000477668', 'ENST00000474964', 'ENST00000265056']",MCM2_4
ENSG00000144354,CDCA7,AACTGTGACAACAACTTGTAACATAAGCGCAATACATGGGATTGAGAGACATCAATCTGC,"['ENST00000496441', 'ENST00000467411', 'ENST00000347703', 'ENST00000306721']",CDCA7_1
ENSG00000144354,CDCA7,AATTATGATTGTGTAAGCTGGACGCACCACTTACCCTTCGGGCAGAAGAAATTAGGAGAA,"['ENST00000496441', 'ENST00000467411', 'ENST00000347703', 'ENST00000306721']",CDCA7_2
ENSG00000144354,CDCA7,AATACTGACACAGGAAACCTGCCCAGAAACTAGACTGGCAGAGATGTCAGGTTAACAAAC,"['ENST00000467411', 'ENST00000347703', 'ENST00000306721']",CDCA7_3
ENSG00000144354,CDCA7,CAGAGAAGAAACTGCAGGAGGGCAAAGTGTAACTAGCAATATACCTTCTGTGATGCTCCA,"['ENST00000496441', 'ENST00000410019', 'ENST00000467411', 'ENST00000347703', 'ENST00000306721']",CDCA7_4
ENSG00000094916,CBX5,TCATCCATGGGTCAGAATCGACAACATCCTTACGATCAGACTGTTTCTTAACCCAGCTAC,['ENST00000209875'],CBX5_1
ENSG00000094916,CBX5,AAGGCTGACAAACTGACCACTTGGCCTTGAATCGACTGTTAGGGTCACACCTGCCAATGC,['ENST00000209875'],CBX5_2
ENSG00000094916,CBX5,ACAAACACCAAACTCACCACCAGCCCTCGTTTAGAATCCAATCCTAAAGCTACCGGAAAC,['ENST00000209875'],CBX5_3
ENSG00000094916,CBX5,CCACCCACTTGAGGTATGGTTTATGAGCTCTTGCCCAATCACATTACCATTCAGAAGGAT,['ENST00000209875'],CBX5_4
ENSG00000087586,AURKA,TAAACTTCAGTAGCATGTTCCTGTCAGGTTATATGGCAGCCCTGGCTCAAGGATTTCTCC,"['ENST00000395911', 'ENST00000395914', 'ENST00000312783', 'ENST00000395913', 'ENST00000347343', 'ENST00000371356', 'ENST00000395915', 'ENST00000395907']",AURKA_1
ENSG00000087586,AURKA,CACATACTCATTCCAACAGCTTTACCAGGCTTCGCCAACCCAATAAGTTACACACTCACT,"['ENST00000395911', 'ENST00000395914', 'ENST00000312783', 'ENST00000395913', 'ENST00000347343', 'ENST00000371356', 'ENST00000395915', 'ENST00000395907']",AURKA_2
ENSG00000087586,AURKA,GCTTAATGTCTCTATGAATAACTCTCTTCGAATGACAGTAAGACAGGGCATTTGCCAATT,"['ENST00000395911', 'ENST00000395914', 'ENST00000312783', 'ENST00000441357', 'ENST00000395913', 'ENST00000347343', 'ENST00000371356', 'ENST00000395915', 'ENST00000395907']",AURKA_3
ENSG00000087586,AURKA,AACAGCTCTGAGACACATGGCCTCTTCTGTATCCCAAGCAAATCCCTAAATGGAGGTAGA,"['ENST00000395911', 'ENST00000395914', 'ENST00000312783', 'ENST00000395913', 'ENST00000347343', 'ENST00000371356', 'ENST00000395915']",AURKA_4
ENSG00000143815,LBR,TTTCTTCTTACAGTGGTACTCGTCACGAGCTTCTCGGTGGACAAGCAACATGGTGAAATA,"['ENST00000272163', 'ENST00000338179', 'ENST00000651341', 'ENST00000441022']",LBR_1
ENSG00000143815,LBR,ATGAATCCAAATCCATCGTGGATGATGTCCATGGTCGTCAACAACGCTTCCTCATTCCAG,"['ENST00000272163', 'ENST00000424022', 'ENST00000338179', 'ENST00000651341']",LBR_2
ENSG00000143815,LBR,AAGCCAGAAGAGCATTAGTAGATGTATGGAAATATACGGTAGGGCACACGCTGACAGTAC,"['ENST00000272163', 'ENST00000338179', 'ENST00000651341', 'ENST00000441022']",LBR_3
ENSG00000143815,LBR,CCAATTCGAGGGTTTAATTCACGGCCAATGAAGAAATCATAGACAGCATTTCCAGAGCTG,"['ENST00000272163', 'ENST00000338179', 'ENST00000651341']",LBR_4
ENSG00000092853,CLSPN,CCTCTCTTTGGACTCTGTCTCTCCCAGCTTAACCATGTGGGTCAAATGAAAGCCTGAAGA,['ENST00000251195'],CLSPN_1
ENSG00000092853,CLSPN,CTAAAGGCTCTCAGCTTTGGTGATCTAGGGTTATGCAGTTCTGCCCAGACCACAGAGCCA,['ENST00000251195'],CLSPN_2
ENSG00000092853,CLSPN,ATTTCTACATCAGATCCTGTGGCCTAAGTCTTCTCCCTTCCCTTATCCACTTCAGGTTCC,['ENST00000251195'],CLSPN_3
ENSG00000092853,CLSPN,ATCAGCAAGGTACCTCTCTTGGTATAAACGTAGCTGTCGCTTATCATCATCCAACATAGT,"['ENST00000251195', 'ENST00000373220', 'ENST00000318121', 'ENST00000520551']",CLSPN_4
ENSG00000075131,TIPIN,TTCAACTAGACTACTCTGGGCACACTGTCCATGGATTAGCCCTGCTTTGCAAGGAGCAGT,"['ENST00000261881', 'ENST00000566524']",TIPIN_1
ENSG00000075131,TIPIN,GCAATAGCATCATTACATGGATTGTCCAGAATGTCTTCGTTTAATCCATTTGACTCCTCC,"['ENST00000562124', 'ENST00000261881', 'ENST00000566524']",TIPIN_2
ENSG00000075131,TIPIN,ATCTTCTACATGCTCATAATCTGGTAGGTCAATCACGCCATTCTCCTGTGGTTCTAGCAT,"['ENST00000562124', 'ENST00000568216', 'ENST00000261881', 'ENST00000570251', 'ENST00000566524']",TIPIN_3
ENSG00000075131,TIPIN,AATCCTCAAACTGCAGTTTAGGGAATAGCCTATGTGCCCAGTGCTCCATGTGTCTGATTA,"['ENST00000562124', 'ENST00000568216', 'ENST00000261881', 'ENST00000566524']",TIPIN_4
ENSG00000156802,ATAD2,AGTACAGAATTGTGGTGCAGCCAGAAGTGGTTCAAGAGCCCTCCCGCAAATCATGACTTG,"['ENST00000287394', 'ENST00000517666', 'ENST00000521903']",ATAD2_1
ENSG00000156802,ATAD2,ATCTCTTAAAGCACAGGCTCTATGCCTAATAAGACGATCTCCAGGATCTCTATCTGGATT,"['ENST00000287394', 'ENST00000519124', 'ENST00000517666', 'ENST00000521903']",ATAD2_2
ENSG00000156802,ATAD2,AGACTCTCCTGTGTTTCCGGTCTCATTATGATCTACACTTGTGTCTTGAGTTTCCTCTGT,"['ENST00000287394', 'ENST00000519124', 'ENST00000521903']",ATAD2_3
ENSG00000156802,ATAD2,TGAGCTGCTGCTGTTCTACCTGGGAACGTCTAGCTCGAGTCATTCGCAGAACACACATTT,"['ENST00000287394', 'ENST00000519124', 'ENST00000517666', 'ENST00000521903']",ATAD2_4
ENSG00000117724,CENPF,TTCTCTCAGGAAGATTATTGACTGGGACGGATTTCGTGGTGGGTTCTCGGAGGATGGTGC,['ENST00000366955'],CENPF_1
ENSG00000117724,CENPF,GAACACAGATGATGAAGCCTGATGCCGGGCAATGTCGCGGTGATTCATGGTGGCTTGTGG,['ENST00000366955'],CENPF_2
ENSG00000117724,CENPF,TAGCAGATCCCTGAGGCTCTCATATTCGGCATGCAAGTCTTGGTAACACCGGTCTTTGTC,['ENST00000366955'],CENPF_3
ENSG00000117724,CENPF,ACTTCTTTGTCTGACAATGTCAAGTGCTCGTAGGAATTACTCTCGTCCAATGGAGCCAAA,['ENST00000366955'],CENPF_4
ENSG00000143401,ANP32E,CACACCCAGAAACATTAGAGAATCTGGTCTTAGAATGATCTAGTCATCTTCTTCCTCTCC,"['ENST00000533654', 'ENST00000369115', 'ENST00000629042', 'ENST00000616917', 'ENST00000583931', 'ENST00000369114', 'ENST00000436748', 'ENST00000534437']",ANP32E_1
ENSG00000143401,ANP32E,TTTGTTTCCACTCAGATTGAGGTAGGTAAGATTTGGACATTTCTCTGCCAGGACTTCCAA,"['ENST00000533654', 'ENST00000616917', 'ENST00000583931', 'ENST00000369114', 'ENST00000532744']",ANP32E_2
ENSG00000143401,ANP32E,CCACTTCCTCTTCTCCCTCTCCCAACTCTGAACCTGCTTCATCTTCATCTTCATCCTCAT,"['ENST00000533654', 'ENST00000534220', 'ENST00000369115', 'ENST00000629042', 'ENST00000616917', 'ENST00000583931', 'ENST00000436748', 'ENST00000534437']",ANP32E_3
ENSG00000143401,ANP32E,GATCTGTTCCTTAACTCCAGGTTAATCTTCTTCTTCATCTCCATGTCCTCCTCTTGCTCT,"['ENST00000533654', 'ENST00000534220', 'ENST00000369115', 'ENST00000629042', 'ENST00000583931', 'ENST00000369114', 'ENST00000436748', 'ENST00000532744']",ANP32E_4
ENSG00000117650,NEK2,TATTGGTCCGGTCAATAATCCGATCATAGTAACGAACGATGTTTGGATGTTTCAGTTCAC,"['ENST00000366999', 'ENST00000540251', 'ENST00000366998']",NEK2_1
ENSG00000117650,NEK2,AAACATTGGCTGGTTTCAGATCCCGATGCAATACGGTATGACCACCATCACTTCGTCTGT,"['ENST00000366999', 'ENST00000540251', 'ENST00000366998']",NEK2_2
ENSG00000117650,NEK2,CGAAATATCATGTGTACTATACAGAAAGGCATGGCTCATGGAACCAAGTATTCAACACTA,['ENST00000366999'],NEK2_3
ENSG00000117650,NEK2,GTAGGAGCCTGTGCCAATGGTGTACAACACTTCATAGTCCTCAGCCCGGGAAGGCATGGC,"['ENST00000366999', 'ENST00000540251', 'ENST00000366998']",NEK2_4
ENSG00000134222,PSRC1,GATGGCTCCTCAGAGGGCAGGGAGGTTAGCTACGGAGGCCGCTCACGTGGAAATGTCCAG,"['ENST00000369904', 'ENST00000492431', 'ENST00000369903', 'ENST00000369909', 'ENST00000369907', 'ENST00000409267', 'ENST00000409138']",PSRC1_1
ENSG00000134222,PSRC1,CTGGGTAGAGGCGAGTCCAGGTACTGACTGTAGTGGTTTGCTACTGAAGTCTTGCTTGCT,"['ENST00000369904', 'ENST00000492431', 'ENST00000369903', 'ENST00000369909', 'ENST00000369907', 'ENST00000409267', 'ENST00000409138']",PSRC1_2
ENSG00000134222,PSRC1,CAGATTGCTGCGAGTGGCACCCATGACAGGAAGATTTAGTCGCTGGGAAACAGGAACCTT,"['ENST00000369904', 'ENST00000492431', 'ENST00000369903', 'ENST00000369909', 'ENST00000369907', 'ENST00000409267', 'ENST00000409138']",PSRC1_3
ENSG00000134222,PSRC1,TCACAGTGGGCAGCAGGTCTCGGACAGGACTATCCTTCAGCACAAAGGTCTCCCGCCGAG,"['ENST00000369904', 'ENST00000492431', 'ENST00000369903', 'ENST00000459765', 'ENST00000418914', 'ENST00000369909', 'ENST00000471740', 'ENST00000369907', 'ENST00000429031', 'ENST00000409267', 'ENST00000409138']",PSRC1_4
ENSG00000102974,CTCF,ACCAACCACTTTCTCTGCATTAACCTCTGATAGCAGACCCTCCTGCTGTTCTTCCTCAAA,"['ENST00000264010', 'ENST00000566078', 'ENST00000646076', 'ENST00000644753', 'ENST00000643892', 'ENST00000645306', 'ENST00000645699', 'ENST00000646771', 'ENST00000642819']",CTCF_1
ENSG00000102974,CTCF,CGATCCAAATTTGAACGCCGTGGACACGTGTAACTGCAAAGCTCACACTGGAATGTCTTC,"['ENST00000264010', 'ENST00000566078', 'ENST00000646076', 'ENST00000644753', 'ENST00000643892', 'ENST00000645306', 'ENST00000645699', 'ENST00000646771', 'ENST00000642819']",CTCF_2
ENSG00000102974,CTCF,TGGCTTCTCGTGGGTGTGTTTGTAACGACGATGCCGAACCAATTCTCCACTGGTCACAAA,"['ENST00000264010', 'ENST00000646076', 'ENST00000644753', 'ENST00000643892', 'ENST00000645306', 'ENST00000645699', 'ENST00000646771', 'ENST00000642819', 'ENST00000646566', 'ENST00000401394', 'ENST00000645409', 'ENST00000642943']",CTCF_3
ENSG00000102974,CTCF,CCTGGTCAGCAATCTGTCCACTAGCGCATCTTGTTCTTTGGCTTCAGGTCCGTAATCATT,"['ENST00000264010', 'ENST00000646076', 'ENST00000644753', 'ENST00000643892', 'ENST00000645306', 'ENST00000646771', 'ENST00000642847', 'ENST00000642819', 'ENST00000401394']",CTCF_4
ENSG00000163950,SLBP,ACCCTGGAGGACAACAGGGATTACGCAATTAAGCTCGCTGGAAGAGAGCTTCAAGTACTT,"['ENST00000429429', 'ENST00000318386', 'ENST00000483348', 'ENST00000489418']",SLBP_1
ENSG00000163950,SLBP,AAATCAAACTCATCCTCCACTTGACTGTCCATGTGTCTCACCTTGGTGGGTGTGCCAGAG,"['ENST00000429429', 'ENST00000318386', 'ENST00000483348', 'ENST00000489418', 'ENST00000488267']",SLBP_2
ENSG00000163950,SLBP,TAATGGACTGCTAACAGAGAAACCACCAGGTACAAGTGCACACACATGCTTGGTGCCTGG,"['ENST00000429429', 'ENST00000318386', 'ENST00000483348', 'ENST00000489418', 'ENST00000488267']",SLBP_3
ENSG00000163950,SLBP,CGATCGTAGGCAATTGTGTTCTTCCCATAGTTGATCTGCTTCTGTCTCCTCATTAGGACA,"['ENST00000480936', 'ENST00000429429', 'ENST00000318386', 'ENST00000483348', 'ENST00000489418', 'ENST00000488267']",SLBP_4
ENSG00000111665,CDCA3,AGCTTCATCAGCATTCCCTGGGCCCAACGCTTACCTCCACTGCTGGTCTTCATAGGTGTC,['ENST00000446553'],CDCA3_1
ENSG00000080986,NDC80,ATGTCTGCAACTGAGTACTTCTGGTTGTCAATGATATTCTGTAGTCGAGTGTTCTCCTGT,['ENST00000261597'],NDC80_1
ENSG00000080986,NDC80,CCTGACACGACCCAGGGACCGAATTTCTGTAAACCGTGCAAGTATCTGCTAGACAGGACA,"['ENST00000575515', 'ENST00000261597']",NDC80_2
ENSG00000080986,NDC80,TATAGAGGCCTTGTTTATTTACATCCTGGGATCTTAACTCCTGCATGGAGAGGCGGCCAG,"['ENST00000575515', 'ENST00000261597']",NDC80_3
ENSG00000080986,NDC80,CTCATTGAGACCATTTAATTTCTGGTCAAGAATGGCTGAATGAGACTCCAAATTGCTCAT,['ENST00000261597'],NDC80_4
ENSG00000162607,USP1,ATCACAACCGCAAATAATCCATAGCTGTCGTTAGTTGGCTTTGTGCTCCATTCTTCTAGT,"['ENST00000339950', 'ENST00000371146']",USP1_1
ENSG00000162607,USP1,ACTTTCACATTCCAAGCAACGCGTCCTTAATACCAGCTGACCTTGAAATAATTTCTCCAC,"['ENST00000339950', 'ENST00000371146']",USP1_2
ENSG00000162607,USP1,GAGGTGTCAATAAAGGAGTGTTGATCTTGGAAAGTCCACCACCATAACAATCAAACTCCA,"['ENST00000339950', 'ENST00000371146']",USP1_3
ENSG00000162607,USP1,GTAATACTTCCTGTGCATCATGCTGTAGATATCCTTCATACATAGGGTTGAGTTCCCTCA,"['ENST00000339950', 'ENST00000371146']",USP1_4
ENSG00000167325,RRM1,GGTTGGTACCAGCATTGAAGAGAGTGGGCGAAGCATGAGTAAACCACCTCTCAGAAAGAA,"['ENST00000533349', 'ENST00000300738', 'ENST00000532170', 'ENST00000528442']",RRM1_1
ENSG00000167325,RRM1,AAAGCCTTACCACCTCAAGCAAACCCACTATACCTATCTATGCTCAAGAAGTAGTTTGGC,"['ENST00000533495', 'ENST00000533349', 'ENST00000300738', 'ENST00000532170']",RRM1_2
ENSG00000167325,RRM1,CTGAAGGATCCAAGACTGGACTGCGGCTCTAAAGCGCCGGCGGGATCGAGAAGGTGACAG,"['ENST00000533349', 'ENST00000532710', 'ENST00000300738', 'ENST00000526350', 'ENST00000532170', 'ENST00000526865']",RRM1_3
ENSG00000167325,RRM1,TTCTCCTTATTTAGAGTGAACTGGATTGGATTAGCCGCTGGTCTTGTCCTTAAATAATAC,"['ENST00000533495', 'ENST00000533349', 'ENST00000300738', 'ENST00000534285', 'ENST00000532170']",RRM1_4
ENSG00000139354,GAS2L3,GAGTTTATGCAGTCATTACATGATCAGGATATGCTTGAGAGACTGTGCCTACAGTGCAGA,"['ENST00000552854', 'ENST00000547754']",GAS2L3_1
ENSG00000139354,GAS2L3,AATTCTACCTAACACAGAATAATGCCAAGCTAGTCAGCAGCAGCCATGACTTAGCACTGT,"['ENST00000552854', 'ENST00000547754']",GAS2L3_2
ENSG00000139354,GAS2L3,CCTCATCCCAGCCTCCATCCTCACTATCCTTAGTGTCTGCACCTATTTAGACAGACACAA,"['ENST00000552854', 'ENST00000547754']",GAS2L3_3
ENSG00000139354,GAS2L3,CAGAAACTGGCTGATTTAAATTCAAGGCCGATTTAAGTTTCTGTGCTGGGACTGGCTTTG,"['ENST00000266754', 'ENST00000552854', 'ENST00000539410', 'ENST00000537247', 'ENST00000547754']",GAS2L3_4
ENSG00000170312,CDK1,TAGTTGCTAGTTCAGCAAATATGGTGCCTATACTCCAAATGTCAACTGGAGTTGAGTAAC,"['ENST00000448257', 'ENST00000373809', 'ENST00000395284', 'ENST00000316629']",CDK1_1
ENSG00000170312,CDK1,AGCTACAACAACCGCGTCGCTCTCCGCTCAATTTCCAAGAGCCAGCTTTGAAGCCAAGTG,"['ENST00000519760', 'ENST00000395284', 'ENST00000316629']",CDK1_2
ENSG00000170312,CDK1,GTCCTGTAAAGATTCCACTTCTGGCCACACTTCATTATTGGGAGTGCCCAAAGCTCTGAA,"['ENST00000448257', 'ENST00000373809', 'ENST00000395284', 'ENST00000316629']",CDK1_3
ENSG00000170312,CDK1,TTAAACTCAGACTCGAAAGCCAAGATAAGCAACTCCTTCAGTTATTACTCTGACCAAGGC,"['ENST00000448257', 'ENST00000373809', 'ENST00000395284', 'ENST00000316629']",CDK1_4
ENSG00000157456,CCNB2,CTGCAGAAGCCTAAACTTGGAGTGGACTTGTACCAGCCAATCCACTAGGATGGCACGCAT,"['ENST00000621385', 'ENST00000288207', 'ENST00000559622']",CCNB2_1
ENSG00000157456,CCNB2,GAAGGATGATAATGCACCATATCATAGTCGATGAGAGTCAGCTCCATCAAATACTTGGCT,"['ENST00000559301', 'ENST00000621385', 'ENST00000288207']",CCNB2_2
ENSG00000157456,CCNB2,TGCCTGAGATACTGATAGATATCCTTAACGTAGTCACTGCAGAGCTGAGGGTTCTCCCAA,"['ENST00000621385', 'ENST00000561077', 'ENST00000288207', 'ENST00000559622']",CCNB2_3
ENSG00000157456,CCNB2,CAAGAGCAGAGCAGTAATCCCAACTAATTGAAGCTTCTTCCGGGAAACTGGCTGAACCTG,"['ENST00000621385', 'ENST00000288207', 'ENST00000559622']",CCNB2_4
ENSG00000151725,CENPU,ACCATCACCTAGCAGGCTGTCAACAGGTGCATCTGCTGATGCTGTCTGGGATAATGGCAT,['ENST00000281453'],CENPU_1
ENSG00000151725,CENPU,AGTGCAGCAACGTTTGAATCAGTGCACTCATTCCCACGGTGAGATATCGGAGACAGCATT,['ENST00000281453'],CENPU_2
ENSG00000151725,CENPU,CTTCTCTAACTGATGGTTGATATTTCGCAGATGGCTTTCGGCTCCCAGAAGTGTTCTTGC,"['ENST00000502461', 'ENST00000281453', 'ENST00000510146']",CENPU_3
ENSG00000151725,CENPU,TAGAAGCTACTGAAGATGCTGAATTAGCTGAAGCTGCAGAGAACAGTCTTCTCAGTTATA,['ENST00000281453'],CENPU_4
ENSG00000100297,MCM5,TGCAGCTTCATCTTGCTGAGGGCTTCCGCGATGCGCACAATGGCCTCCAGCTGCCGCACA,"['ENST00000216122', 'ENST00000493076', 'ENST00000382011']",MCM5_1
ENSG00000100297,MCM5,TGCTCATCCTTGACGATGAAGATCATGTCGAAGCGCGACAAGATGGTGGGCATGAAGTCA,"['ENST00000216122', 'ENST00000493076', 'ENST00000382011']",MCM5_2
ENSG00000100297,MCM5,ATGGCAAAGCGGCGCTTGAGCTGCTTCTCGATGCGGCTCAGCATCTCCTGGTCCTCCTGG,"['ENST00000216122', 'ENST00000493076', 'ENST00000382011']",MCM5_3
ENSG00000100297,MCM5,TGGAAGTCCACGCATTTGCATTTGTCGGGCATGATGAAGTACGGGTCCAATGGGCATTTG,"['ENST00000216122', 'ENST00000382011', 'ENST00000444778']",MCM5_4
ENSG00000012963,UBR7,GAGGATCTGCAATTAGGAGCCTGAGTGCCGAAGAACATGGTTGTGCCATTTCTTTGAGGC,['ENST00000013070'],UBR7_1
ENSG00000012963,UBR7,CCCTTCAGCGCTGAGTTAACTGATCGGTACTATTGTGCTGCACGTAATGTAACACATCAC,['ENST00000013070'],UBR7_2
ENSG00000012963,UBR7,TTCTAGGTGACGGGAAGAGAGCCTTCCGTGATGCCTGCGGAGGAGGTTCTGGAAGGCAAC,['ENST00000013070'],UBR7_3
ENSG00000012963,UBR7,AGTTCATCTCATCCAGGGATTGGGCACTCGAATGAATACACAGATGCTGGACACATAAGG,['ENST00000013070'],UBR7_4
ENSG00000198056,PRIM1,ATCTGTGGTTGAAGGCAGAAGATATCCACAATGGTTTGAGGAGCTCTGTCTTCAGAAATC,"['ENST00000552590', 'ENST00000338193', 'ENST00000672280']",PRIM1_1
ENSG00000198056,PRIM1,TAGTACTGAGAGTAGGGAAAGAGCCTCCGGTAATAAAGTTTAAGCAGCTCGGGCAGCTCG,"['ENST00000552590', 'ENST00000548173', 'ENST00000550770', 'ENST00000338193', 'ENST00000672280', 'ENST00000550224']",PRIM1_2
ENSG00000198056,PRIM1,GCTCTGTCAATGATGCGTATGGCCATTGTCATGAGGGTCCAGCACTTAGGACATATGTCT,"['ENST00000552590', 'ENST00000548173', 'ENST00000550770', 'ENST00000338193', 'ENST00000672280', 'ENST00000550224']",PRIM1_3
ENSG00000198056,PRIM1,GTAAATGGATCAAACTGGTCCACTTTCTGCAAATCAATAGGCACAGATATGCGACCTGTT,"['ENST00000552590', 'ENST00000338193', 'ENST00000549549']",PRIM1_4
ENSG00000123975,CKS2,TCGTAGTGTTCGTCGAAGTACTTGTCCGAGTAGTAGATCTGCTTGTGGGCCATCCTGCTG,['ENST00000314355'],CKS2_1
ENSG00000123975,CKS2,AATCATGTAATGAACCCAGCCTAGACTCTGTTGGACACCAAGTCTCCTCCACTCCTCTTC,['ENST00000314355'],CKS2_2
ENSG00000123975,CKS2,CATCTTACAGTAACCTACTTGCAGTTGCATTTAACTGAGCTCTGTTGCTGTGAAGAATAC,['ENST00000314355'],CKS2_3
ENSG00000111247,RAD51AP1,AGGTGCTAGTGGCATTTGGATGCAAAGGTTTAACTCGTGCTAATCTGGACAAGCCAAGGC,"['ENST00000535558', 'ENST00000228843', 'ENST00000352618', 'ENST00000544931', 'ENST00000398012', 'ENST00000442992']",RAD51AP1_1
ENSG00000111247,RAD51AP1,TCACAGACACTACCACCAGTGGGCTGCTGCTACTTCTGCTACCTCCAGATGCCGCTGGTG,"['ENST00000228843', 'ENST00000352618', 'ENST00000442992']",RAD51AP1_2
ENSG00000111247,RAD51AP1,TTCAGCTGAAGGACTGCGTATTTCTAATGGTTTCCTAGTGGTATCTGAAGACAGAGAAAC,"['ENST00000535558', 'ENST00000228843', 'ENST00000352618', 'ENST00000536886', 'ENST00000398012', 'ENST00000442992']",RAD51AP1_3
ENSG00000111247,RAD51AP1,CTTGAGAGTTCTGCACATTAGTGGTGACTGTTGGAAGTTCCTTCACTGATAAAGCTAGTG,"['ENST00000544029', 'ENST00000228843', 'ENST00000538817', 'ENST00000352618', 'ENST00000536117', 'ENST00000544927', 'ENST00000544173', 'ENST00000536346', 'ENST00000442992']",RAD51AP1_4
ENSG00000075218,GTSE1,CTCAGATGTGGGCAACGGAGGCTGTTCGGGAACCGGATTATTTAATTCCAAGCTGGCAGC,['ENST00000454366'],GTSE1_1
ENSG00000075218,GTSE1,TCGCTGCCTGACTTGCAGCATGAGCAGTGCATGATTCCCTGGGCAAAGCATGAGCAGAGT,['ENST00000454366'],GTSE1_2
ENSG00000075218,GTSE1,TTCATGTCTGGAGTGTTTGTCATGAGGTCGATCAGAGGCCTGCTTTCAGATCCTACAGCC,"['ENST00000491863', 'ENST00000454366']",GTSE1_3
ENSG00000075218,GTSE1,GAATCTTTCCACGCCCTGGCTCCGAGGGTCTTCAGGCTTGGCAGCTTGGGCTGCCTGGTT,['ENST00000454366'],GTSE1_4
ENSG00000104738,MCM4,GTACTTTCATTCATCTTGTCGAACTCATCGATACAGCAGATGCCGTTGTCACTCAGGACA,"['ENST00000517709', 'ENST00000649838', 'ENST00000649973', 'ENST00000648407', 'ENST00000648554', 'ENST00000649919', 'ENST00000650216', 'ENST00000519470', 'ENST00000648519', 'ENST00000262105', 'ENST00000520637']",MCM4_1
ENSG00000104738,MCM4,AGCTGCCTTGTCTCAGGGTCTTTCATTACGTACGCAGTGAGGCCAACTGCACTGGAGCCC,"['ENST00000517709', 'ENST00000649838', 'ENST00000649973', 'ENST00000648407', 'ENST00000648554', 'ENST00000649919', 'ENST00000650216', 'ENST00000519470', 'ENST00000648519', 'ENST00000262105', 'ENST00000520637']",MCM4_2
ENSG00000104738,MCM4,ACACGTACTGCAGCAGCTGGGACTTGCTGGTACCAGGGTCGCCACACAGCAAGATGTTGA,"['ENST00000517709', 'ENST00000649838', 'ENST00000649973', 'ENST00000648407', 'ENST00000648554', 'ENST00000649919', 'ENST00000650216', 'ENST00000519470', 'ENST00000648519', 'ENST00000518680', 'ENST00000262105', 'ENST00000520637']",MCM4_3
ENSG00000178999,AURKB,CACAGACATACAAACACACGCACCCGAGTGAATGACAGGGACCATCAGGCGACAGATTGA,"['ENST00000316199', 'ENST00000534871', 'ENST00000585124']",AURKB_1
ENSG00000178999,AURKB,CCCACCAGCAGCTCATAGCAAAGCACTCCAATGCACCACAGATCCACCTTCTCATTGTGC,"['ENST00000316199', 'ENST00000578549', 'ENST00000578753', 'ENST00000577833', 'ENST00000534871', 'ENST00000580998', 'ENST00000585124']",AURKB_2
ENSG00000178999,AURKB,GGCCTGGATTTCGATCTCTCTGCGCAGCTGATGCTCCACGCCCTCCTTCTCTATCTGGGA,"['ENST00000584561', 'ENST00000316199', 'ENST00000577833', 'ENST00000584972', 'ENST00000534871', 'ENST00000581511', 'ENST00000582368', 'ENST00000585124']",AURKB_3
ENSG00000178999,AURKB,TCCAAACTTGCCTTTGCCCAGAGGACGCCCAATCTCAAAGTCATCAATTGTGAAGTGCCG,"['ENST00000583915', 'ENST00000584561', 'ENST00000316199', 'ENST00000577833', 'ENST00000584972', 'ENST00000534871', 'ENST00000581511', 'ENST00000582368', 'ENST00000585124']",AURKB_4
ENSG00000142945,KIF2C,GTCACATAGACTTCCAGGCCCAACTTCCGGTAGCAGGGTTGATTCTTCAGGAGGAAGACG,"['ENST00000372224', 'ENST00000372217']",KIF2C_1
ENSG00000142945,KIF2C,ACAAGACATTCAGTGCTCGGCCCAAAGGCGTAGAAGGTTTAGAGCCAGCAGATAGCTGTA,"['ENST00000372224', 'ENST00000372217']",KIF2C_2
ENSG00000142945,KIF2C,ATTTGGAAGCACGCGTGGGAGCGGGAGGAATTGGAGTTGGCAAATGTCTGCCCAGAGGTT,"['ENST00000372224', 'ENST00000372217']",KIF2C_3
ENSG00000142945,KIF2C,AATACCAAGAAACCTCAATTTCGCTAACCCTACGAAGTCTTAACGCCGCGTAAACCGCCG,"['ENST00000493027', 'ENST00000372224', 'ENST00000452259']",KIF2C_4
ENSG00000092140,G2E3,GTCTCGCCCTTCTTTGCAACGACATCTTCGAACATCACAACGCTCATAGTGCTGCAGAAG,"['ENST00000438909', 'ENST00000553504', 'ENST00000206595', 'ENST00000648008']",G2E3_1
ENSG00000092140,G2E3,TCTGGGATCCAGGTGACTGTCTGGGTAATTTAGGTGATGACTCTTCCAACAAACAATCTG,"['ENST00000548934', 'ENST00000438909', 'ENST00000552515', 'ENST00000553504', 'ENST00000206595', 'ENST00000544007', 'ENST00000648008']",G2E3_2
ENSG00000092140,G2E3,TTGCTCCCATGACCGTAATGAGGAGCAGGCTAAATGTGTGCCACTGGAACCACAACACTG,"['ENST00000548934', 'ENST00000438909', 'ENST00000552515', 'ENST00000553504', 'ENST00000206595', 'ENST00000544007', 'ENST00000648008']",G2E3_3
ENSG00000092140,G2E3,CACATGCAGACACTCAATTGAAGGAGTGGGTTTAAATCCAGCTGGAGGAATGGAACTGCA,"['ENST00000438909', 'ENST00000553504', 'ENST00000206595', 'ENST00000648008', 'ENST00000549159']",G2E3_4
ENSG00000188229,TUBB4B,GTCAGCTTTAGGGTTCTGAAGCAAATGTCGTAGAGAGCTTCGTTATCAATGCAGTAGGTC,"['ENST00000340384', 'ENST00000604929']",TUBB4B_1
ENSG00000188229,TUBB4B,GCTCCACCACTGTGTCTGACACTTTGGGCGAAGGCACCACACTAAACGTGTTCATGATCC,"['ENST00000340384', 'ENST00000604929']",TUBB4B_2
ENSG00000188229,TUBB4B,CTGGTACTGCTGGTACTCGGACACCAGGTCATTCATGTTGCTCTCGGCCTCGGTGAACTC,"['ENST00000340384', 'ENST00000604929']",TUBB4B_3
ENSG00000188229,TUBB4B,GCAGTCACAGCTCTCAGCCTCCTTTCTCACAACATCCAGCACCGAGTCCACCAGCTCCGC,"['ENST00000340384', 'ENST00000604929']",TUBB4B_4
ENSG00000136982,DSCC1,TGCCACACTTCTTGAAACTCAGCGAGATTGAATTTCACCGCATTCTGAAGTAGCATTCGT,['ENST00000313655'],DSCC1_1
ENSG00000136982,DSCC1,GCATGTCTACGCCAGGCAGAGGAGTAATTATTCAGCCAATTTCATGGATGTAAACGATGG,['ENST00000313655'],DSCC1_2
ENSG00000136108,CKAP2,TGAATGTTAGTAAAGGAGCTCACTGCCGTGAATGCTTAGGATACATAGGTACATGGCCAA,"['ENST00000490903', 'ENST00000258607', 'ENST00000378037']",CKAP2_1
ENSG00000136108,CKAP2,ATTAATCTTAGACTGAACAATCTGGCCACGATAAGATCCAAGCACAGGTTTCTTGGGCAT,"['ENST00000490903', 'ENST00000378034', 'ENST00000258607', 'ENST00000378037']",CKAP2_2
ENSG00000136108,CKAP2,ACTGTGATGACTTCTAATAGGAGGTCGCACAAGTTGTGTGTTCTGAGATGTAGTGCTCAC,"['ENST00000490903', 'ENST00000378034', 'ENST00000258607', 'ENST00000378037']",CKAP2_3
ENSG00000136108,CKAP2,ACTCAGTTGGTTGAAACTGACAAGGTAGGATTAGCTTTCCAATGTAGAGGACAACTCTTG,"['ENST00000490903', 'ENST00000258607', 'ENST00000378037']",CKAP2_4
ENSG00000093009,CDC45,TGAGCAGGTGTTTGCTGAGCAGGCTTAGGGATGCCGGCCTAGAGAACAGCATGACATCTG,"['ENST00000407835', 'ENST00000404724', 'ENST00000437685', 'ENST00000438587', 'ENST00000263201', 'ENST00000671972']",CDC45_1
ENSG00000093009,CDC45,ATGGTCTGCTGGGTGGCTCGCAGCTGCTTCTTGGCGAGTTCCAGGCCATGGTACAGCTTG,"['ENST00000407835', 'ENST00000404724', 'ENST00000437685', 'ENST00000438587', 'ENST00000263201', 'ENST00000671972']",CDC45_2
ENSG00000093009,CDC45,GCACAGACCACAGCTTGAACCTGGCTGCGGTATAGCTGGTGTTGCACAGGCTGTCATGGA,"['ENST00000407835', 'ENST00000404724', 'ENST00000672837', 'ENST00000437685', 'ENST00000471470', 'ENST00000438587', 'ENST00000263201', 'ENST00000671972']",CDC45_3
ENSG00000093009,CDC45,AGTGTGTTCTCCTCATCCTCGTTCCGGTGGTTGTGGCGGGAAACGTGGCGCTGCAGGACA,"['ENST00000407835', 'ENST00000404724', 'ENST00000672837', 'ENST00000437685', 'ENST00000471470', 'ENST00000438587', 'ENST00000263201']",CDC45_4
ENSG00000117748,RPA2,AAACAGGCAGAGGCCAGCAGGTTTCTCGGCTAGGGCTCTGCCTATAACGCCCTGGTCCTG,['ENST00000373912'],RPA2_1
ENSG00000117748,RPA2,AAGAAGAGAAACTCCTGAGCACTATGTAAGTACTCTCCTGGTAGCATCCTTCCAATTCCA,['ENST00000373912'],RPA2_2
ENSG00000117748,RPA2,TGTAACTTCCTCAAGAAATCCCACCCTGGATTGCATCCCTGTCAATTGCCCATCTCCCTC,['ENST00000373912'],RPA2_3
ENSG00000117748,RPA2,CAACCAAAGTGGCAGAAAGCAGCTGAGATATAGTACAGGGCACAATGTGCTGGGCTCGGG,"['ENST00000313433', 'ENST00000444045', 'ENST00000373909', 'ENST00000373912']",RPA2_4
ENSG00000197299,BLM,TCAGCTGCTGCCTCAGACGTTCTGAGAAACAACGGCCACAACACTTGCAGCGGCAGCAAA,"['ENST00000560821', 'ENST00000355112', 'ENST00000680772']",BLM_1
ENSG00000197299,BLM,CACGCGTGGCTCTTCCTTTGGCTTCTGGGTTTCGTGTTATGCTCAGAAGCTCTTGCACTG,"['ENST00000560821', 'ENST00000355112', 'ENST00000680772']",BLM_2
ENSG00000197299,BLM,CATGAGCATGTGTATTTCTTCTTCTGAGACTAGCCTGTTCACATCCTTGGTCCACCTGCC,"['ENST00000355112', 'ENST00000680772']",BLM_3
ENSG00000197299,BLM,TCTTTCTGATACTGATTTAATTGGCCGACCTTCCTTGATGGGTTGATAGGCAGCTGTGGA,"['ENST00000681142', 'ENST00000559724', 'ENST00000355112', 'ENST00000680772', 'ENST00000560509', 'ENST00000648453']",BLM_4
ENSG00000076003,MCM6,TCTTCGAGCAAGTAGTTAGGGTTAACTACCAAGTAGGGATCTTCTTCATAGCTCTCACTT,['ENST00000264156'],MCM6_1
ENSG00000076003,MCM6,ACCAAAGGAAGTGCTGAAGCCTGTGTTGGTATGAAACCTGTGATGAATGTGACACATAGG,['ENST00000264156'],MCM6_2
ENSG00000076003,MCM6,ACATCAAGGCAAGTTGAGTACTCATGGGTATTAGACTGTCCCACGTGGGCCTTAGCCTCA,['ENST00000264156'],MCM6_3
ENSG00000076003,MCM6,AGAATCTCCTCCTGTTGGCACAAACTGGATTTCGGCAGATGTTTGGCTGTGTGTATTTGA,['ENST00000264156'],MCM6_4
ENSG00000159259,CHAF1B,TCATCTGTCTGCACAGGATCAACAACTGCAAACCGCACCTCACGCCAGCCACATGACACT,['ENST00000314103'],CHAF1B_1
ENSG00000159259,CHAF1B,TGGAAGCCCTGGTCTCAGGCACCTCCAGCTTTACCGTCTCCCTGCACACACCGGGAGCCT,['ENST00000314103'],CHAF1B_2
ENSG00000159259,CHAF1B,GCGGGAACCCAGGCACTGGTATGTCAGCTCTTAGGTGATTTCAGTATGCAGCTACAGTTG,['ENST00000314103'],CHAF1B_3
ENSG00000159259,CHAF1B,GGGTGGAAATCACACTGGTTGGTACAGAACTTGGTGGAGTGTCCGTCTTTAAGGGTGTTA,['ENST00000314103'],CHAF1B_4
ENSG00000119969,HELLS,AGCCTGCAATGCCGCGAGCTAACTCCTCACAACCGCTGCCGGCCCAGCCTTCTAGCCAAA,"['ENST00000419900', 'ENST00000630929', 'ENST00000348459']",HELLS_1
ENSG00000119969,HELLS,CTGCTTCTTTGAAAGTGGAGCATAAACGACTACTTCTCGTTTAGGAGGAACTTCAAGAGC,"['ENST00000239026', 'ENST00000394045', 'ENST00000371332', 'ENST00000394036', 'ENST00000348459']",HELLS_2
ENSG00000119969,HELLS,GTCTCTCATGGCTATTTCAAATGACGTGATTACCACAGGATGAATCTGCAAAGTCCCTTT,"['ENST00000239026', 'ENST00000394045', 'ENST00000371332', 'ENST00000394036', 'ENST00000348459']",HELLS_3
ENSG00000119969,HELLS,GTACTCCTCTCTGAATCATCAATGCAATAGTAGCAATGCACTGAACTGTCTTACCCAATC,"['ENST00000239026', 'ENST00000394045', 'ENST00000371332', 'ENST00000394036', 'ENST00000348459']",HELLS_4
ENSG00000077514,POLD3,ATACAAAGCCACTGCTTTAGTCCTAGACATAATGCCAGGACTCATCTCCCAAACTTCTGG,['ENST00000263681'],POLD3_1
ENSG00000077514,POLD3,CAGCAGCACGGCAGCTCCTCCAATATCGTCAATGCTGACTCGAGGTAATTTCTGGTGGAG,['ENST00000263681'],POLD3_2
ENSG00000077514,POLD3,AGGAACAAGAAGGAATAATTCCTGTGCCATATGCGGACCAGGGCATAGGGTGAGTGGAGC,['ENST00000263681'],POLD3_3
ENSG00000077514,POLD3,CTGGTCTGTAGCCAGGTGTCCGTGTACTGCATAATGGAGGAAGAGGATTACAGGGAGATT,['ENST00000263681'],POLD3_4
ENSG00000136492,BRIP1,ACTAATTCCCTGAAGGGTGTGGTGATTGCCAATATGACTTAGCAAATCAGTGGCAGAGCC,"['ENST00000683235', 'ENST00000682589', 'ENST00000682453', 'ENST00000682989', 'ENST00000683535', 'ENST00000682477', 'ENST00000683039', 'ENST00000259008', 'ENST00000682755']",BRIP1_1
ENSG00000136492,BRIP1,GTCTCTTGTCTTCTACCAGGTATTTATTCGTTTCACTACCCTACTATCCCTATCTGTGGT,"['ENST00000684769', 'ENST00000683235', 'ENST00000682589', 'ENST00000682453', 'ENST00000682989', 'ENST00000682073', 'ENST00000683535', 'ENST00000684584', 'ENST00000682477', 'ENST00000683039', 'ENST00000259008', 'ENST00000684626', 'ENST00000682755']",BRIP1_2
ENSG00000136492,BRIP1,GGCCAGTAGTTTACTTCTTGGAATATCATCTTGGTCAGTCATGATCTGAGGAGAATATAC,"['ENST00000259008', 'ENST00000682755']",BRIP1_3
ENSG00000136492,BRIP1,AGGAAAGGAAACCGACTTCTGAGAGCAAATAAAGCGGAGCCCTGGAAGAGAAGAAAGGGC,"['ENST00000683235', 'ENST00000683672', 'ENST00000682989', 'ENST00000682477', 'ENST00000683039', 'ENST00000259008', 'ENST00000683381', 'ENST00000577913']",BRIP1_4
ENSG00000134690,CDCA8,GTCAACTTTGGTGTCTCATTTGTGGGTCCGTATGCTGCTGCAGATTTGGGCGAGACGGTT,"['ENST00000373055', 'ENST00000327331']",CDCA8_1
ENSG00000134690,CDCA8,GGTGTCATGAGTGCGAGAGGGTAGACGGACATGTTCCCTACTGAGGTCACTGCTGCCAAC,"['ENST00000373055', 'ENST00000327331']",CDCA8_2
ENSG00000134690,CDCA8,TTCAGAAAGGAGGCGAGCTTCCGCCTCCGTAAGGAGTTGGTCTTGGCCACCCGACTACTG,"['ENST00000373055', 'ENST00000327331']",CDCA8_3
ENSG00000134690,CDCA8,CAAGAGGGCTGCCATTCCCTGAGATGTTGTAAATCCGCTCTCCTGCTGCTGGAGTACGCA,"['ENST00000373055', 'ENST00000327331']",CDCA8_4
ENSG00000112742,TTK,TTCCACTTGGTTTAGATCCAGGCACAACCAAATCTCGGCATTCTGATCTAGAGGTTTGTC,"['ENST00000230510', 'ENST00000509894', 'ENST00000369798']",TTK_1
ENSG00000112742,TTK,TGTTGCTGCTGGAAACAGGCAGGTTGGCCATAAGGTGTTGACAACTGACAAGCAGGTGGA,"['ENST00000230510', 'ENST00000509894', 'ENST00000369798']",TTK_2
ENSG00000112742,TTK,TTCACATCACAATCTGGGCTATTTAGAAGGTTAACTGGGACTCTTCCAAATGGGCATGAC,"['ENST00000230510', 'ENST00000509894', 'ENST00000369798']",TTK_3
ENSG00000112742,TTK,GTTAGTTTGTCTCAATGAATTCCGGTAACCTATTTCTGCATCTTGTGGTGGCATGTTCTC,"['ENST00000230510', 'ENST00000509894', 'ENST00000369798']",TTK_4
ENSG00000168496,FEN1,TTTGGCTTCACTGGCAGTCAGGTGTCGCATTAGCACAGGGCTGCCGAAGGTGAGGCAGTC,['ENST00000305885'],FEN1_1
ENSG00000168496,FEN1,ATGCCGTTCTCCATCATGCGAATGGTGCGGTAGAACATGCCCATCAGGTGGCTGGTGGTC,"['ENST00000305885', 'ENST00000535723']",FEN1_2
ENSG00000168496,FEN1,CATAGAGGCATCAATGGCCACCTTACGGCCAAAGTAGCTCTTGATGTCATTCTCCCGGAT,"['ENST00000305885', 'ENST00000535723']",FEN1_3
ENSG00000168496,FEN1,GTGGATCCCTTGGGTTCTGGCTCCTTGCGCTTAGCTGAAGAGAGTGAGCCGGTCACCTTG,['ENST00000305885'],FEN1_4
ENSG00000123485,HJURP,AACTGATGGTCCCTCGTGCCATCCCTCGTGATGGCACGAGCAACACATGTAGATGAAGGA,"['ENST00000441687', 'ENST00000432087', 'ENST00000411486']",HJURP_1
ENSG00000123485,HJURP,TCAAATCGGATTTCAATCTCCCTCTGACGGTTCTCTCCATGGCCCTGTCGTATTGTTGGT,"['ENST00000414924', 'ENST00000441687', 'ENST00000432087', 'ENST00000411486']",HJURP_2
ENSG00000123485,HJURP,GTCTTTGGAAGTGATGAAGATGAATCGCTCTTGGGCAGGCACCTACCTGCTTCCAGAGAT,"['ENST00000414924', 'ENST00000441687', 'ENST00000432087', 'ENST00000411486']",HJURP_3
ENSG00000123485,HJURP,CTTTGCTGGAAGGTAAACTCAGCCTGCGGGTTTCTAAGCCCTGAAGGCCACCAGGACTCG,"['ENST00000414924', 'ENST00000441687', 'ENST00000432087', 'ENST00000411486']",HJURP_4
ENSG00000115163,CENPA,ACATCCGTTGACAAGCACAGTCCACTCAGTTACATGATGCTGCCACTAATGGTGAGGCTA,"['ENST00000475662', 'ENST00000335756', 'ENST00000233505']",CENPA_1
ENSG00000115163,CENPA,GAGACAGCAAAGTCCAGACAGCATCGCAGAATCCATTGGATCTAGTCATGGCTCTGGAGA,"['ENST00000419525', 'ENST00000460030', 'ENST00000472719', 'ENST00000475662', 'ENST00000335756', 'ENST00000233505']",CENPA_2
ENSG00000115163,CENPA,TGTAGGGCCAATAGGGCCTGGGCTTGCCAATTGAAGTCCACACCACGAGTGAATTTAACA,"['ENST00000419525', 'ENST00000460030', 'ENST00000472719', 'ENST00000335756']",CENPA_3
ENSG00000115163,CENPA,AAGAGGTGTGTGCTCTTCTGAAGCTTTCGGATCTCCTTTAGCCAACCTTGTCTCCGCCGA,"['ENST00000419525', 'ENST00000460030', 'ENST00000472719', 'ENST00000475662', 'ENST00000335756', 'ENST00000233505']",CENPA_4
ENSG00000148773,MKI67,TATCATGGCAGCCAATATAGTACAAGTCAGTACCGCTGATTTCTGCATTCATTCAGCAAG,"['ENST00000368654', 'ENST00000368653']",MKI67_1
ENSG00000148773,MKI67,CTTCTAGTGACTGGGCCTCTTCCTTAGGCGTTCTTGGCCACTTCTTCATTCCAGTTACAC,"['ENST00000368654', 'ENST00000368653']",MKI67_2
ENSG00000148773,MKI67,CCCTGACGTCTGTGTGAGCTTGCCGACTGGTAGGACCTCTTCTTTCACACCTACTTTCCC,"['ENST00000368654', 'ENST00000368653']",MKI67_3
ENSG00000148773,MKI67,CCTGCTGATGGTGTTCGTTTCCTGAGTGCGAAGAATTCTTCTTCTACGTCCACTTTCCTG,"['ENST00000368654', 'ENST00000368653']",MKI67_4
ENSG00000174371,EXO1,ATTCGGAATGTCATCACTTGAATTACGTGCTACATCTGTGTCAACCAGTCTCTTGCCTTC,"['ENST00000366548', 'ENST00000348581', 'ENST00000518483']",EXO1_1
ENSG00000174371,EXO1,ATTTCCTTGGGAGATTTAACCCTTTAGTACTAATCACTCGTTCCACTCCCACAGTACTTG,"['ENST00000366548', 'ENST00000348581', 'ENST00000518483']",EXO1_2
ENSG00000174371,EXO1,TAGCTGATAGAGGAAGGTATTGTTGGCCCGAATAAACCCGTTGATGTAATCCTCTGGTAC,"['ENST00000366548', 'ENST00000348581', 'ENST00000469419', 'ENST00000518483']",EXO1_3
ENSG00000174371,EXO1,CTGGGACTGTGAAGAACATGCCTCTTCTCGTAAGGGATGAGACTCATCGTCACTGGACTC,"['ENST00000366548', 'ENST00000348581', 'ENST00000518483', 'ENST00000521202']",EXO1_4
ENSG00000131153,GINS2,TCCACTTAACTGCCGTGTGCCTCAGTTTCGTTGACTGAGTCATCTCAGCCACAGGCTCAG,['ENST00000253462'],GINS2_1
ENSG00000131153,GINS2,GAAGTGTTTCTAGAGCTCCAGAACCACGAGTACCTCATCACGTCCTGAGCGCTCACATCC,['ENST00000253462'],GINS2_2
ENSG00000131153,GINS2,ACTCTCCAGAGGCTGGAGGTTCGTGCGGAGTTTGTACATGTGGTTGAGCGCTTGTGTGAG,['ENST00000253462'],GINS2_3
ENSG00000131153,GINS2,CTAGACACTGGAGGGCAGATGCTGGGTGATAAGTCTTTAGGCTCAGCCTGTCACACATGC,['ENST00000253462'],GINS2_4
ENSG00000132780,NASP,GGGAAATATCAGTCACACAATTTGATGAGGAAGCACCGTCTGTTGGCTTTCTACTGGCAA,"['ENST00000537798', 'ENST00000350030', 'ENST00000372052', 'ENST00000530073', 'ENST00000351223', 'ENST00000534450', 'ENST00000481782']",NASP_1
ENSG00000132780,NASP,CCTCAATTTCTTTCTTGTATTCAGCAGACGATCCTTCAGCCTCCTTCACCTGCTCGTTTA,"['ENST00000537798', 'ENST00000350030', 'ENST00000527359', 'ENST00000372052', 'ENST00000528238', 'ENST00000530073', 'ENST00000351223', 'ENST00000531612', 'ENST00000527932', 'ENST00000534450', 'ENST00000481782']",NASP_2
ENSG00000132780,NASP,TGTGCCACTGCCTCATCATACTGAGAGTTGTACCCATAAGCCAAGCCCAGCTGGTAGTGG,"['ENST00000537798', 'ENST00000350030', 'ENST00000527359', 'ENST00000372052', 'ENST00000528238', 'ENST00000530073', 'ENST00000351223', 'ENST00000453748', 'ENST00000531612', 'ENST00000527932', 'ENST00000534450', 'ENST00000481782']",NASP_3
ENSG00000132780,NASP,AAGGAGACGGTCGTGGGCTTCCAGGTACTGTTCCTGCAGGTTAAGGCAGGACTGGAACTC,"['ENST00000537798', 'ENST00000350030', 'ENST00000437362', 'ENST00000527359', 'ENST00000372052', 'ENST00000528238', 'ENST00000530073', 'ENST00000437901', 'ENST00000351223', 'ENST00000453748', 'ENST00000531612', 'ENST00000527932', 'ENST00000481782']",NASP_4
ENSG00000184661,CDCA2,AGAGTCTCTCTGATAGGATATTCTCCGACGTTTGGAGGACAACACTGCAGGGAACCCAGA,"['ENST00000380665', 'ENST00000330560']",CDCA2_1
ENSG00000184661,CDCA2,CCCTTCCCATTAAGAGAGGATCTTCTCCGGTAGCCTTTGAACTGGGAAGTGGCTTTAGTA,"['ENST00000380665', 'ENST00000521098', 'ENST00000330560']",CDCA2_2
ENSG00000184661,CDCA2,AGCAGGTTTGGGACTATCTGATGCCACACGTTCTTCAGTTACAGAAGCACAAGAAACAGG,"['ENST00000380665', 'ENST00000521098', 'ENST00000330560']",CDCA2_3
ENSG00000184661,CDCA2,TGGTGTGCAAGGATTAGGAGGTAATTCGGCATGCTTCTGAGGAGTCACAATCTTCCCAGT,"['ENST00000380665', 'ENST00000330560', 'ENST00000518225']",CDCA2_4
ENSG00000169679,BUB1,CTGACTCCACTGGAAGCTTGTGGAATGGTGTAGACGCAAGTTGTGCAGCAGATGTGAAGT,"['ENST00000409311', 'ENST00000302759', 'ENST00000671097', 'ENST00000535254', 'ENST00000466333']",BUB1_1
ENSG00000169679,BUB1,CGGTGGGTGATGGCTGCACTTTGGATGGCGTTGCCTGAACCATTCCCAGTGATGTGTTTG,"['ENST00000409311', 'ENST00000302759', 'ENST00000535254', 'ENST00000466333']",BUB1_2
ENSG00000169679,BUB1,TGAACGCTTACATTCTAAGAGCAGTACAATTAGCCTATTACGTAGGGCCCTAATCTTGTT,"['ENST00000409311', 'ENST00000302759', 'ENST00000478175', 'ENST00000671097', 'ENST00000535254']",BUB1_3
ENSG00000169679,BUB1,GCATCATTCAGATCTCCCTGGGTAGCTTCGTACACCTGGGCAAAGGCTCCTTCTCCAAGA,"['ENST00000409311', 'ENST00000302759', 'ENST00000478175', 'ENST00000671097', 'ENST00000535254', 'ENST00000466333']",BUB1_4
ENSG00000132646,PCNA,TTCAAATACTAGCGCCAAGGTATCCGCGTTATCTTCGGCCCTTAGTGTAATGATATCTTC,"['ENST00000379143', 'ENST00000379160']",PCNA_1
ENSG00000132646,PCNA,CCATGCTCTGCAGGTTTACACCGCTGGAGCTAATATCCCAGCAGGCCTCGTTGATGAGGT,"['ENST00000379143', 'ENST00000379160']",PCNA_2
ENSG00000132646,PCNA,TCGCGACGACCGGCTGAGACCTAGAAAGACAACGACCACTCTGCTACGCCTGCAACCGTT,['ENST00000379143'],PCNA_3
ENSG00000132646,PCNA,CATCTCCAATATGGCTGAGATCTCGGCATATACGTGCAAATTCACCAGAAGGCATCTTTA,"['ENST00000379143', 'ENST00000379160']",PCNA_4
ENSG00000118412,CASP8AP2,TTGCTGTTCGGTAAGAATCTCGAAACTTCGTTCTGGCTTCAAAGTTGCATGCTGGGATGT,"['ENST00000237177', 'ENST00000551025']",CASP8AP2_1
ENSG00000118412,CASP8AP2,GAAACTAGCTCTTCTGTTGTACAAGCTGGTATAGACTCGCACTTAAGAGTCTCTAGCAGC,"['ENST00000237177', 'ENST00000551025']",CASP8AP2_2
ENSG00000118412,CASP8AP2,TAGGGTGGTACTGAAAGCCTGGAGCAACAGATCGGCTTGTCCAGGAAGAAGAACAACTTG,"['ENST00000237177', 'ENST00000551025']",CASP8AP2_3
ENSG00000118412,CASP8AP2,TCGTCTTCCTTGTTGGTTTCTGAGATACCGATCCTGGGTTCAGTCACTGCTAGAAGAGCA,"['ENST00000237177', 'ENST00000551025']",CASP8AP2_4
ENSG00000094804,CDC6,ACCTGTTGTAGCTCAGATCACATTACACGGATACAGTGGTCAGGATGAATGAAACAGTGG,['ENST00000209728'],CDC6_1
ENSG00000094804,CDC6,ACTTGGGATATGTGAATAAGACCAACCCTCTTGGGAATCAGAGGCTCAGAAGGTGATTTA,"['ENST00000209728', 'ENST00000649662']",CDC6_2
ENSG00000094804,CDC6,GTTCCTGACTCAAGCCCTACAGTTAAGAGGAAGGCGCCAAGCCTCAAACACAATGAGGTG,['ENST00000209728'],CDC6_3
ENSG00000094804,CDC6,AACTACCTTCAGAGGGAACGAATACTCTAGTAAAGGAGTGTGAGAACAACATTCAGACTC,['ENST00000209728'],CDC6_4
ENSG00000049541,RFC2,CGGCTCCTGTACCTCAGAATAGGGCACCTGTAAGTCAGTCAGTGAAGTCTCTGCTCTAAC,"['ENST00000055077', 'ENST00000352131', 'ENST00000485545', 'ENST00000621097']",RFC2_1
ENSG00000049541,RFC2,GCTACCGTGCCTGGCCAGCCACTGGAGTTTAAAGGACAGTCATGTTGGCTCCAGCCTAAG,"['ENST00000055077', 'ENST00000352131', 'ENST00000485545', 'ENST00000621097']",RFC2_2
ENSG00000049541,RFC2,AAGATGTTGCCAATGATATCTTCTGGTGAGTAGCCCAGATGCCACAAGTGAGCAAGAATC,"['ENST00000055077', 'ENST00000497430', 'ENST00000352131', 'ENST00000470266', 'ENST00000485545', 'ENST00000621097', 'ENST00000494019', 'ENST00000480432']",RFC2_3
ENSG00000049541,RFC2,TCATCAGTGTAGGGTACCCTCTCCTTCTCGATAACATTCATCAGCCTGGTGAGGATCTGG,"['ENST00000055077', 'ENST00000497430', 'ENST00000493156', 'ENST00000479105', 'ENST00000463194', 'ENST00000352131', 'ENST00000470266', 'ENST00000621097', 'ENST00000494019', 'ENST00000480432', 'ENST00000491206']",RFC2_4
ENSG00000051180,RAD51,GAAAGACCAAGCAGGTAGATGGTGAAGGGCTAATGGCCTAGTAGGTTTGGCACAAGACTC,"['ENST00000645673', 'ENST00000267868']",RAD51_1
ENSG00000051180,RAD51,CAGGCTTAAGTGATTCTCCCACCTCAGGCTATCGAGTAGCTGGGACTACAGGCACGTGTA,"['ENST00000645673', 'ENST00000267868']",RAD51_2
ENSG00000051180,RAD51,GCATCTCCCACTCCATCTGCATTAATGGCGAACATAGCTTCAGCTTCAGGAAGACAGGGA,"['ENST00000645673', 'ENST00000423169', 'ENST00000525066', 'ENST00000532743', 'ENST00000267868', 'ENST00000382643', 'ENST00000557850']",RAD51_3
ENSG00000051180,RAD51,GCTGCTCCATCCACTTGAGCTACCACCTGATTAGTGATTACCACTGCTACACCAAACTCA,"['ENST00000645673', 'ENST00000525066', 'ENST00000532743', 'ENST00000267868', 'ENST00000382643', 'ENST00000557850']",RAD51_4
ENSG00000143228,NUF2,TTCCTCTTCAGTTCAGCTGTCTTCTCATCTATCTTAGCATAGGAGTCCTCTGCTGCCTTT,"['ENST00000524800', 'ENST00000271452', 'ENST00000367900']",NUF2_1
ENSG00000143228,NUF2,CAATTTCTTCAGTTCTGACTCATCACTCTCAATTTGGTCCTCCAAGTTCAGGCTCTCCTT,"['ENST00000271452', 'ENST00000367900']",NUF2_2
ENSG00000143228,NUF2,ATCCTGATTTAGTGATTGTTGTAGCTCCTGAATTCCATCTGAAAGCTGCTTGAACTCTTC,"['ENST00000442820', 'ENST00000524800', 'ENST00000271452', 'ENST00000497990', 'ENST00000527439', 'ENST00000367900', 'ENST00000527120']",NUF2_3
ENSG00000143228,NUF2,AAGGCAGGCAGTCAACTGAGTCTCCATAGATTTCATATTTCTCCACCACTTCTTGTCTGG,"['ENST00000271452', 'ENST00000527439', 'ENST00000367900']",NUF2_4
ENSG00000013810,TACC3,TTCTCCATCTTGGAGATGAGGTCGTCGCAGATCCTGGTCAGCTCCTCGTTCTCTTTAGTC,"['ENST00000612220', 'ENST00000651817', 'ENST00000484264', 'ENST00000313288', 'ENST00000651251', 'ENST00000651472', 'ENST00000652770']",TACC3_1
ENSG00000013810,TACC3,CTGGCCCTCCTGGGTGATCCTTGCCAGGTAATCCTCCACGCACTTCTTCAGTGACTCTTC,"['ENST00000612220', 'ENST00000651817', 'ENST00000484264', 'ENST00000313288', 'ENST00000651251', 'ENST00000651472', 'ENST00000652770']",TACC3_2
ENSG00000013810,TACC3,TCCCAAGAAATCGAACTCCACAAGCTTGGCTTCCCGCGGACGTCCTGAGGGAGTCTCATT,"['ENST00000612220', 'ENST00000651817', 'ENST00000484651', 'ENST00000313288', 'ENST00000651251', 'ENST00000466077', 'ENST00000651472', 'ENST00000652770']",TACC3_3
ENSG00000013810,TACC3,GCTCTCAGGAGCAGAGGTGTGTGCACAGGTAAGGGTCTGAGTGCCATCTGCTGGCACGGG,"['ENST00000650779', 'ENST00000484651', 'ENST00000313288', 'ENST00000651251', 'ENST00000651472', 'ENST00000652770']",TACC3_4
ENSG00000101868,POLA1,TTCCCTTAGGATTTCACGGCACAACCAGCGAAGAGTTTGCTCAGATTCACTTCGGAGTAG,"['ENST00000672178', 'ENST00000379059', 'ENST00000679301', 'ENST00000611764', 'ENST00000379068']",POLA1_1
ENSG00000101868,POLA1,CCTGTTTGGTGACATAATTCCCATCCGACGTTGGCTCAACAACCAGAGCAGCGTACTTCT,"['ENST00000672178', 'ENST00000379059', 'ENST00000679301', 'ENST00000611764', 'ENST00000379068']",POLA1_2
ENSG00000101868,POLA1,CACAATCCAGTCATCATCCTGGCGTGCCTGAACCAGCTTCGAATACTGTTCTTCATCAAC,"['ENST00000678847', 'ENST00000379059', 'ENST00000677890', 'ENST00000379068']",POLA1_3
ENSG00000101868,POLA1,GAGGTGAAGCCTTACAATCGATGTTACTGCAACGATACAAGCTGGGCTCCATATCTGTTC,"['ENST00000672178', 'ENST00000379059', 'ENST00000679301', 'ENST00000611764', 'ENST00000379068']",POLA1_4
ENSG00000276043,UHRF1,CTATAAGGCTCAAACGGTTCCCAAGCACCCATCCGGTGTCAGGAAGAACTGGATGACCGC,"['ENST00000624301', 'ENST00000612630', 'ENST00000620565', 'ENST00000650932']",UHRF1_1
ENSG00000276043,UHRF1,CTTTAGAAAGAAGGAACGAATCAAAGGCACTTGCACGTGACTTCGTGTGCTGGCGTCCGT,"['ENST00000624301', 'ENST00000612630', 'ENST00000620565', 'ENST00000650932']",UHRF1_2
ENSG00000276043,UHRF1,GAACCCGAGAGAAGGACTGATCCTGTCGCCTTCTTAAAGAGTTGGTGGCAGCAACTTCTG,"['ENST00000624301', 'ENST00000612630', 'ENST00000620565', 'ENST00000650932']",UHRF1_3
ENSG00000276043,UHRF1,CTGTTCCGCGGTCCTCTTGTTGCCGGAAAGATCTCGACCACCACTACCCGTGTATGTGAA,"['ENST00000624301', 'ENST00000613817', 'ENST00000615884', 'ENST00000622802', 'ENST00000612630', 'ENST00000620565', 'ENST00000616255', 'ENST00000650932']",UHRF1_4
ENSG00000092470,WDR76,TCATAGCTCAGTGACAGTATGTGGGCCGGATTGGCGGGTGAGAAGTAAAGACAGCTAACT,"['ENST00000263795', 'ENST00000381246']",WDR76_1
ENSG00000092470,WDR76,TTTCTCATAAGAAGTTCCAGGTGTCCGTCTATCCACCAGTGACATATTTCCATCCCAGTG,"['ENST00000263795', 'ENST00000381246']",WDR76_2
ENSG00000092470,WDR76,TTACCACATAAACACACTAAGGCACGCCGATTACTAGGCTCCTTAGACAGTGGTCAATTT,"['ENST00000263795', 'ENST00000478130', 'ENST00000381246']",WDR76_3
ENSG00000092470,WDR76,TGTCTCATGGAAGATTTCTACCCGTCGTGGATGGGCCATGCTGCCAACTATGACACAGTC,"['ENST00000263795', 'ENST00000478130', 'ENST00000381246']",WDR76_4
ENSG00000120802,TMPO,AATTGCTTGAACCTGGGAGGCAGAGGTTGCATCGAGCCCAGATCGTGCCACTGCACTACA,['ENST00000556029'],TMPO_1
ENSG00000120802,TMPO,ATCTAGGAGTAAGTTTCCCACTCACTTTGCAAGGACCCACTCATTCTGCAGAAAGACCTA,['ENST00000556029'],TMPO_2
ENSG00000120802,TMPO,CAAACGATTCTCCTGCCTCAGTCTCCCTAGTAGACAGGACTACAGGCGCACATCATCACG,['ENST00000556029'],TMPO_3
ENSG00000120802,TMPO,TCGTTGCTTGAAGCCATTATAGTTTCAGCTATGGGAGTACTCTCTGAAATTACTGGACCA,"['ENST00000556029', 'ENST00000548223', 'ENST00000343315']",TMPO_4
ENSG00000169607,CKAP2L,AGCGGGACACTGCTCGCTCAATCCTCGACGAACGCCGTACAGGAGTGATAAATTTCATGT,"['ENST00000302450', 'ENST00000435431']",CKAP2L_1
ENSG00000169607,CKAP2L,GGTTGTTTCCACATCTTGGCTATTGAGAATAACACTGCCACAAACATGTGAGTGCAGATA,['ENST00000302450'],CKAP2L_2
ENSG00000169607,CKAP2L,CTTTGATGACTGAACTTTACTAAGGGTCCGAATAAAGTGAGAGGGAACCGTCCTTGAGGG,['ENST00000302450'],CKAP2L_3
ENSG00000169607,CKAP2L,AAGCTAGCGTCAAAGTTCAGATCTTCCACGATGAAAGAACTTGCCCTCTGCTAAGGTGGA,"['ENST00000302450', 'ENST00000435431']",CKAP2L_4
ENSG00000138160,KIF11,CAGGATCACATTCTACTATTGAATGGGCGCTAGCTTTCCGCTCTGCCAAATTAAATGGTC,"['ENST00000676621', 'ENST00000676757', 'ENST00000677720', 'ENST00000260731', 'ENST00000676647']",KIF11_1
ENSG00000138160,KIF11,TGCATTGTGTTGGTCAACTGCCTTCTTACGATCCAGTTTGGAATGGAGACCAGATACATC,"['ENST00000676621', 'ENST00000676757', 'ENST00000677720', 'ENST00000260731', 'ENST00000676647']",KIF11_2
ENSG00000138160,KIF11,GAATTAAAGGTTGATCTGGGCTCGCAGAGGTAATCTGCTCTTTGTAACCAAGTGCTCTGT,"['ENST00000676621', 'ENST00000676757', 'ENST00000677720', 'ENST00000260731', 'ENST00000676647']",KIF11_3
ENSG00000138160,KIF11,AGAATCCTGGAGGATTCTAGTTAGTTTAGATTCTCGATAAGGAACATGAGGTGTTCTTTC,"['ENST00000676621', 'ENST00000676757', 'ENST00000677720', 'ENST00000260731', 'ENST00000676647']",KIF11_4
ENSG00000089685,BIRC5,GGACATGTATCTGAAAGAAAGTCTAGGCGGTTGCACTTAGACAAGGGCCTACGGCTTTAT,"['ENST00000374948', 'ENST00000350051', 'ENST00000301633']",BIRC5_1
ENSG00000089685,BIRC5,ATGACCTCCAGAGGTTTCCAGCGAAGCTGTAACAATCCACCCTGCAGCTCTATGACAGGG,"['ENST00000374948', 'ENST00000350051', 'ENST00000301633']",BIRC5_2
ENSG00000089685,BIRC5,AGAGACAACTGCGTCTCTGCCAGGACGCTCATCCTCACTGCGGCTGTCTGGGCAGATGGC,"['ENST00000374948', 'ENST00000350051', 'ENST00000301633']",BIRC5_3
ENSG00000089685,BIRC5,GCGAATCAAATCCATCATCTTACGCCAGACTTCAGCCCTGCGGGAGCTGCTGCCTCCAAA,"['ENST00000374948', 'ENST00000350051', 'ENST00000301633']",BIRC5_4
ENSG00000010292,NCAPD2,CCCTACCTCAGGTTATCCACCCGCCTTGGTATCGCAAAGTGCTGGGATTACAGGCGTGAG,['ENST00000315579'],NCAPD2_1
ENSG00000010292,NCAPD2,CAGAATTCGAATTCCAGGTCACCCTACAGGATACCCTGCACAGGGAGGACAGGAACAGAC,"['ENST00000539084', 'ENST00000315579']",NCAPD2_2
ENSG00000010292,NCAPD2,GTGAACAGAAGACGAAGCTGGGAGTCGCAGAAAGTGGCACTGATCATGCAGAACTTGCCA,"['ENST00000539084', 'ENST00000315579']",NCAPD2_3
ENSG00000010292,NCAPD2,ATGATATCTGGAAGGAGATTATAGATTGCGTTGCCCTTGTGGGAGAGCTCATTGAAGAAG,"['ENST00000535804', 'ENST00000539084', 'ENST00000315579']",NCAPD2_4
ENSG00000095002,MSH2,TTGTCTTTGAAACTTCTTGGCAAGTCGGTTAAGATCTGGGAATCGACGAAGTAAATCTTC,"['ENST00000645506', 'ENST00000645339', 'ENST00000233146', 'ENST00000543555', 'ENST00000646415', 'ENST00000644092', 'ENST00000406134']",MSH2_1
ENSG00000095002,MSH2,GATATAGCCCATGCTAACCCAAATCCATCGTAGGTAGAAGTTCCTCTTCCCAATTCATCT,"['ENST00000644900', 'ENST00000645506', 'ENST00000645339', 'ENST00000233146', 'ENST00000543555', 'ENST00000646415', 'ENST00000644092', 'ENST00000406134']",MSH2_2
ENSG00000095002,MSH2,CTGGTCGTACATATGGAACAGGTGCTCCATTTGACACGTGAGCAAAGCTGACAACAGCAT,"['ENST00000645506', 'ENST00000645339', 'ENST00000233146', 'ENST00000543555', 'ENST00000646415', 'ENST00000644092', 'ENST00000406134']",MSH2_3
ENSG00000095002,MSH2,CAGAGCCTGTATAACATTAGGTAGTTGATTTATACCCTGATAGAGTCGGTAACAATCTTG,"['ENST00000645506', 'ENST00000645339', 'ENST00000233146', 'ENST00000543555', 'ENST00000646415', 'ENST00000644092', 'ENST00000406134']",MSH2_4
ENSG00000158402,CDC25C,CAAAGAAAGAAGGTAGACAACGCTCTTGCATAGCCCGAAGCCCAGAGAGAAAGAGTTGGC,['ENST00000323760'],CDC25C_1
ENSG00000158402,CDC25C,ACAAATCTCTATGCAACTCAAGGCTGCCTTATAGAGCCAGCTCCAGGACTCTGCCACCAG,['ENST00000323760'],CDC25C_2
ENSG00000158402,CDC25C,ACCTAATCCATTCCCAGGCCTGGATACAAGTTGGTAGCCTGTTGGTTTGCAGAGACATCT,['ENST00000323760'],CDC25C_3
ENSG00000158402,CDC25C,GACTTGTTAGCAGCCAGTGGCTGGAATGTTATCATGGGCTCATGTCCTTCACCAGAAGGG,"['ENST00000513970', 'ENST00000323760', 'ENST00000648466', 'ENST00000415130']",CDC25C_4
ENSG00000175305,CCNE2,TCCTCTTCACTGCAAGCACCATCAGTGACGTAAGCAAACTCTTGGAGTTTAGGAGCATAG,"['ENST00000520509', 'ENST00000396133', 'ENST00000521809', 'ENST00000308108', 'ENST00000524224', 'ENST00000523476']",CCNE2_1
ENSG00000175305,CCNE2,TAGAAGAACTTTAGGAGCATCTTTAAGAGCATCAACTTGGAGAAAGAGATTTAGCCAGGA,"['ENST00000520509', 'ENST00000396133', 'ENST00000308108', 'ENST00000524224']",CCNE2_2
ENSG00000117399,CDC20,CAGTGTGGCCACATGGTGTTCTGCTACCCGAACATCATGGTGGTGGATGTGGCCAGAACG,"['ENST00000478882', 'ENST00000372462', 'ENST00000310955']",CDC20_1
ENSG00000117399,CDC20,CACTCGGGCAGAGTGACTGGTCATATTTCGAAGCCGTTTCTGCTGCTGCACATCCCATAG,"['ENST00000478882', 'ENST00000372462', 'ENST00000310955']",CDC20_2
ENSG00000117399,CDC20,TCCAGGATACGGTCTGGCAGGGAAGGAATGTAACGGCAGGTCTTCCGGCTGGAGCCAGGA,"['ENST00000478882', 'ENST00000372462', 'ENST00000310955']",CDC20_3
ENSG00000117399,CDC20,TCAGCACTGCTGGTGCCCACAGCCAAGTAGTTGCCCTCTTTGATCCAGGCCACAGAGGAT,"['ENST00000478882', 'ENST00000372462', 'ENST00000310955']",CDC20_4
ENSG00000129195,PIMREG,TATAAATAGGTACCCGTGAGCCCAGGGTCGTAAGCCTGGAAATATCTCCTATGCCTTCCT,"['ENST00000572595', 'ENST00000572447', 'ENST00000250056']",PIMREG_1
ENSG00000129195,PIMREG,ATAGATGAGGCAAATAGAAGGCTCAAGGTCAAGTGTACGATGAGTTTCTAAGCTCAAGAG,"['ENST00000572595', 'ENST00000572447', 'ENST00000250056']",PIMREG_2
ENSG00000129195,PIMREG,GGAAGCATAGACATCCTTGAGTATGAAGCCTTGGCGGTCAGACAGGGCTTGTTTCCTGCA,"['ENST00000572447', 'ENST00000573557']",PIMREG_3
ENSG00000129195,PIMREG,GATCGCCGTAATGGGTGGGCATGTGAGCCCATCCGGACAGAGAGGCGGTGATGCTCCTTC,"['ENST00000571373', 'ENST00000571572', 'ENST00000570337', 'ENST00000573385', 'ENST00000572595', 'ENST00000572447', 'ENST00000573557', 'ENST00000250056', 'ENST00000576056']",PIMREG_4
ENSG00000137804,NUSAP1,GCATAACTAGCTGCCATCAGGTAAATGCTATTGGCTAGCAGAAGACTGCAGTTCTGTTAA,"['ENST00000560177', 'ENST00000560747', 'ENST00000558123', 'ENST00000668273', 'ENST00000559596', 'ENST00000260359', 'ENST00000414849']",NUSAP1_1
ENSG00000137804,NUSAP1,CGGCGATACTCGGAAGATGGATCACCAAACTTCGTCAGCGCGGTTCAAATCCCTGGCGCC,"['ENST00000558123', 'ENST00000668273', 'ENST00000559596', 'ENST00000450592', 'ENST00000559046', 'ENST00000558582', 'ENST00000260359', 'ENST00000414849']",NUSAP1_2
ENSG00000137804,NUSAP1,ACTCTGACTTGCAGGGCCACAAGACCGGCCTTGCGAGCGTCGTTGGCTGATGGGAGTAGA,"['ENST00000560177', 'ENST00000560898', 'ENST00000560747', 'ENST00000558123', 'ENST00000668273', 'ENST00000557840', 'ENST00000559596', 'ENST00000450592', 'ENST00000260359', 'ENST00000414849']",NUSAP1_3
ENSG00000137804,NUSAP1,ACTCAGAAGCTCCACTGAGGTGAAGGAAACATGGACATGATACTAAGCAAAGCCTAGTCT,"['ENST00000560177', 'ENST00000560747', 'ENST00000668273', 'ENST00000559596', 'ENST00000260359', 'ENST00000414849']",NUSAP1_4
ENSG00000126787,DLGAP5,ATTGGCACTTCTGGGAGTCATAGGTGTTACTTGATAGGTCTTCAGACCATCCAGTGGCTG,"['ENST00000395425', 'ENST00000247191']",DLGAP5_1
ENSG00000126787,DLGAP5,TACTCTGAGATACAGCTTTGTTGACAGACTTAGGTGTTCCAAGTCTTTGAGAAGGGCCTT,"['ENST00000395425', 'ENST00000247191']",DLGAP5_2
ENSG00000126787,DLGAP5,TTTCAGAAGTTTGTCTTGGACCAGGTCGGATTGCTCGAACATCACTCTCGTTATCAATCT,"['ENST00000395425', 'ENST00000557645', 'ENST00000247191']",DLGAP5_3
ENSG00000126787,DLGAP5,GCTGCTTGAGTAGCTGATCGAGTCATTCTCAACGACGTGGGCATTACAGGCTGCACAACT,"['ENST00000395425', 'ENST00000557645', 'ENST00000247191']",DLGAP5_4
ENSG00000164104,HMGB2,TCCTCCTCCTCCTCCTCATCTTCTGGTTCGTTCTTCTTCTTTGAGCCTGTTGGCCTGCCA,"['ENST00000511316', 'ENST00000446922', 'ENST00000438704', 'ENST00000296503']",HMGB2_1
ENSG00000164104,HMGB2,CTCCGAACACTTCTTGGAGAATTCCGCGAAATTGACGGAAGAGTCCGGGTGTTTCTTCTT,"['ENST00000511316', 'ENST00000446922', 'ENST00000438704', 'ENST00000296503', 'ENST00000506267']",HMGB2_2
ENSG00000164104,HMGB2,CTTAGCTGCTTTCTGTTCATATGGTTGTTTATCTTTGGCTGACTGCTCAGACCACATTTC,"['ENST00000511316', 'ENST00000446922', 'ENST00000438704', 'ENST00000296503']",HMGB2_3
ENSG00000164104,HMGB2,ATTCCACACGCATCATTAAAGGATAGCCATTTATTCTTCATCTTCATCCTCTTCCTCCTC,"['ENST00000511316', 'ENST00000446922', 'ENST00000438704', 'ENST00000296503']",HMGB2_4
ENSG00000138182,KIF20B,ACCTTTCACCTTCATTCTGTGTCTTCATAGTTCGTTCTGAACCAGCAAGATCACATAAAG,"['ENST00000260753', 'ENST00000371728']",KIF20B_1
ENSG00000138182,KIF20B,TCCTCTGAAGATCTGCTTTCAGATTCTGGGTACGAGCAGAGCTTGCAGAGAGTTCCTCTT,"['ENST00000260753', 'ENST00000371728', 'ENST00000478929']",KIF20B_2
ENSG00000138182,KIF20B,TTTGAAGTTTGTCAGGATCTGCTGAACTAATACGTTTGGGCTTGATATCCATGATTTGTG,"['ENST00000260753', 'ENST00000371728', 'ENST00000478929']",KIF20B_3
ENSG00000138182,KIF20B,TAATTTAGCCTCAAGCACTTGATCCTGTTCTACCTGAGTTTGTTCCTGTTCTTCTAGTGT,"['ENST00000260753', 'ENST00000371728', 'ENST00000478929']",KIF20B_4
ENSG00000143476,DTL,AATGCCTCCAAGTTCAGCAGAAATCGCAGCTTGCGCCTCTCACAACACAAATCGTTATCG,"['ENST00000366991', 'ENST00000542077']",DTL_1
ENSG00000143476,DTL,TCCTGGAATTGGGTGTCTGGGATGACGGACTTCGTGGAGATGGATTCTCAGCCTTCCGTT,"['ENST00000366991', 'ENST00000496442', 'ENST00000475419', 'ENST00000542077']",DTL_2
ENSG00000143476,DTL,TCCTGCTGAGACTAAGGTATTCTCGTCTTGAAAGAGGACCACAGTAACACTTTGCTGGAA,"['ENST00000366991', 'ENST00000475419', 'ENST00000542077']",DTL_3
ENSG00000143476,DTL,CTCCACAAGGTCTCAAAGGAAGAGGTAGCGTTCCACAGCTTTCTGAAGCATACGGACTGA,"['ENST00000366991', 'ENST00000496442', 'ENST00000475419', 'ENST00000542077']",DTL_4
ENSG00000129173,E2F8,CATATGTAAACTCTCTAGGACGTTCACGATATCGTAAATGCGTCGACGTTCAACATTAAG,"['ENST00000620009', 'ENST00000527884', 'ENST00000250024']",E2F8_1
ENSG00000129173,E2F8,TGGCTCTGGCCTGGGACTGGTGAGTCATAGTTGGTGGCCCTTCCTTGCTGAGTGCCTGCA,"['ENST00000620009', 'ENST00000527884', 'ENST00000250024']",E2F8_2
ENSG00000129173,E2F8,TTGGGTTCTGGATGGGAACAGGGTGGCTTGAAGCGAGAGCCGGGCTGTTCCCGACAGGTA,"['ENST00000620009', 'ENST00000527884', 'ENST00000250024']",E2F8_3
ENSG00000129173,E2F8,AGGCTCAGCAGTAAAGTCGTGGGAGGTCGCTTGACAGGAAAGTTCCAAATTCAGTCCCAA,['ENST00000250024'],E2F8_4
ENSG00000072571,HMMR,TGAGATGCATTCTAAGCTGGAAAGCCAGCGAAAGGGTTCAGAATGAGGTGATAAAGGTGA,"['ENST00000353866', 'ENST00000393915', 'ENST00000358715']",HMMR_1
ENSG00000072571,HMMR,ATGTTTACTTCCATGATTCTTGACACTCCATAGGAGCTCGGTAACAGTTTGTATTGCCTT,"['ENST00000353866', 'ENST00000432118', 'ENST00000393915', 'ENST00000358715']",HMMR_2
ENSG00000072571,HMMR,TAATAGGTAGGACCAAGTGAGCATTATCAGAATCAAAGTAGAGGCAATAACAAGCCAAGG,"['ENST00000393915', 'ENST00000358715']",HMMR_3
ENSG00000072571,HMMR,GAAGGGTCATTGAATCGTTTCAAGGGCGCCTTAGGAAAGGACATGTTGACGGCCAGCTCC,"['ENST00000353866', 'ENST00000432118', 'ENST00000393915', 'ENST00000521108', 'ENST00000358715', 'ENST00000517936']",HMMR_4
ENSG00000113810,SMC4,TTTCCAGTGTTGGTAAATCAAAGGCCCACGAAGGTATGCTGAGCCTTGATAGCACAACCT,"['ENST00000357388', 'ENST00000462668', 'ENST00000344722']",SMC4_1
ENSG00000113810,SMC4,TATTTGGGTAATAACTGTGGTGATTGTCTCAACTGGCAAGCTAAGTGGAATGCCTTAAAG,"['ENST00000357388', 'ENST00000462668', 'ENST00000344722']",SMC4_2
ENSG00000113810,SMC4,AATAGAATCAACAACAATGTAGTCCAGTGCATGACAACAGGATGATATAGCCACGTCGTA,"['ENST00000357388', 'ENST00000497203', 'ENST00000469858', 'ENST00000462668', 'ENST00000462787', 'ENST00000344722', 'ENST00000469762']",SMC4_3
ENSG00000113810,SMC4,TTCAACTTACGAGATAGCCTAGGCTTGTTGAAACACTGTCCTAATTTACTGGCTCTCTGG,"['ENST00000357388', 'ENST00000462668', 'ENST00000344722']",SMC4_4
ENSG00000088325,TPX2,TGACTTTATCTCCAGACCCTGGTACTTGCGTATTGGATTTGCCTTATGCACCAGTTCTCT,"['ENST00000340513', 'ENST00000300403']",TPX2_1
ENSG00000088325,TPX2,GGTTAAGAGCAGGTCCCATTGCCGGGCGGTATCCGCAGCTCACAGCTGAGTTTAGCAGTG,"['ENST00000340513', 'ENST00000300403']",TPX2_2
ENSG00000088325,TPX2,GGAACAAAGGGCTCCTGAGAGATGACGGTGTTTGGACGAGCCTTGAAACAAGCTGCTTCT,"['ENST00000340513', 'ENST00000300403']",TPX2_3
ENSG00000088325,TPX2,CTGGTTCTTAGGATGTTGTTTGATTCGCTCATCTGTGCGGAAGTGGAAGTCAACTGATTT,"['ENST00000340513', 'ENST00000300403']",TPX2_4
ENSG00000131747,TOP2A,TGATTTGGAGCCAGTTCTTCAATAGTACCCTTGAAGTTCTTGTAACTTGGAAGCATTGGC,['ENST00000423485'],TOP2A_1
ENSG00000131747,TOP2A,CATTAAGAAAGACTTTGACATCTTTGGTGGATCCAGCAATATCATATGCTCTTCTGACCA,['ENST00000423485'],TOP2A_2
ENSG00000131747,TOP2A,TCAGCCACTGATCCAGCTAATTGGGCAACCTTTACTTCTCGCTTGTCATTCCGTTTGAAG,['ENST00000423485'],TOP2A_3
ENSG00000131747,TOP2A,TAGCAGAATCCTTGCCACCATGTAGCCTGGTACCAAACTGACCAATGGGCTGCAAGAGGT,['ENST00000423485'],TOP2A_4
