gene_ID,gene_sym,targeting_seqs
ENSG00000137807,KIF23,"CAGAAATGCTGCTGCAAGAGTTAGAGCGCC ,TATGTAGCTGTGGCTGGCTCATGAGTTGCT"
ENSG00000137807,KIF23,"GAGACGAATTGGTGGTGCGTTCTGATCAGG ,TTGAAAGAGTAACCTGCCGCAATGATCCTC"
ENSG00000137807,KIF23,"GGAACCACCTCCCTGCCTTCAGTCCAGTAC ,ATCCCTCGCCTTCTGTCTGACACGATACAA"
ENSG00000137807,KIF23,"TGCTTTGTCCTGGCTCCTGCTGCCTACGCC ,TTGCAATAGATGTGACTTTGAGAGGTGTGT"
ENSG00000114346,ECT2,"AAATAGTCTTAATCTCCTCTGGTGCAAGGA ,TAGGTCCACCACGTTGTCCTTCCTCTTCCA"
ENSG00000114346,ECT2,"AAGGACTTCTTCCCTCCACTGAGCCGTGGG ,ATGTCATAAGAGCCCTTCGAAGAGCTCTTT"
ENSG00000114346,ECT2,"CTCTTCAACTACAAGGTGAGTGCATCTTTC ,ATCTCCAAGCGGTAAATATTTACCTCCTTG"
ENSG00000114346,ECT2,"ACTGGGTAACCTCTGTACTGGTCGGATAAG ,AAGTTCAACAAGGCTCTGCCGTCCACATTC"
ENSG00000175216,CKAP5,"AGAGGGACCAACATACAGATACATCACGCC ,AAGCAGGGTTATGGCAGCAGTCCTCACAGC"
ENSG00000175216,CKAP5,"CAATTTAGCTTCTAGTTCTTGTTGGGAACG ,AAGAAATCGAGTAGGTCTAGGAGCACTTGT"
ENSG00000175216,CKAP5,"CAGCTGGGTCAGAACCAAGCGGCCTGCTCT ,AAGCCGTTTGAAACCGCTTGGGCCGCCGCA"
ENSG00000175216,CKAP5,"TCCTCACTAATGCCTGGCATGGCATTTCAG ,TTCGGTCCATTAGCTCAACAGCCTTCTGGA"
ENSG00000100401,RANGAP1,"AGCAGCCTGGTGAGGAAGGTGTTGGAGTTG ,AAGGACGAGGAGTTGAAAGCCTTCTGCATC"
ENSG00000100401,RANGAP1,"AAGGGATGGGAGAGGCTTTGAGTCTAGACC ,TTGTACAGCGTCTGCAGCAGACTGTGGCGG"
ENSG00000100401,RANGAP1,"GCTTGCCTTGGGCACTGGATTTCCGGTGAC ,ATTCGGTCAGAGCTGCAGCCAGGATCTTGC"
ENSG00000100401,RANGAP1,"GTGGCCAGAGTCCTGTCCAAGGCAATGGCG ,TAGGCTGCGCCTCAGTTCATCCGAGTCCCT"
ENSG00000112312,GMNN,"CTCTTGCCCACTTACTGGGTGGAGACGCTC ,AATCCTCGTAGCGAACGCACGTAGCTATGG"
ENSG00000112312,GMNN,"ATGCATTTCATATACATGGCTTTGCATCCG ,TAGAGGAAGATACAGTTCCTTCAGCACACG"
ENSG00000112312,GMNN,"AGCTGTCAAAGTAGGACGCGGCTTCAGAGG ,TTGGCCGGAGGGAAAGCGAGTCGTCTAGAG"
ENSG00000112312,GMNN,"GAGTTGGCATTATGTAGTTATGTACTCTGC ,TACAAAGAACTAGTGGAGGTAAACTTCGGC"
ENSG00000176890,TYMS,"GAGCAGATAAGTGGCAGTACAGAATGAACA ,AAGCGTGGACGAATGCAGAACACTTCTTTA"
ENSG00000176890,TYMS,"AACCACACTCTACATCATGATCGATGGTGT ,TACTCAGCTCCCTCAGATTTGAGGGAATAG"
ENSG00000176890,TYMS,"TGAAAGGCACACCGAGGCCCATGTCTCCCG ,ATCTCTGGTACAGCTGGCAGGACAGCTCAC"
ENSG00000176890,TYMS,"CCTAAAGACTGACAATATCCTTCGAGCTCC ,TTTGAAAGCACCCTAAACAGCCATTTCCAT"
ENSG00000173207,CKS1B,"AGTTTCCAGTACACTGAAACATAAATCCGC ,AAGTCACCACACATACAACACCCGGCAGGA"
ENSG00000173207,CKS1B,"AACTCCTCGTCGTCGTATTTGTCCGAATAG ,TAAATTTGTTTGTGCGACATGATCGCTCGG"
ENSG00000173207,CKS1B,"TTGCCAGCTTCATTTCTTTGGTTTCTTGGG ,TAGTGGGCGCCGGAACAGCAAGATGTGAGG"
ENSG00000173207,CKS1B,"CAGCAAGTTTACATGATCCCTGTAACAGCC ,ATGGTCTCAAACTCAGATGCTTCCTCCATC"
ENSG00000076248,UNG,"CTCCTTATGAGAGTTGGCTTGATGGGCACG ,AACCGTGAGGACAGCGTTGAGAAGGAGAAC"
ENSG00000076248,UNG,"AAAGCAGAGCCCGTGAGCTTGATTAGGTCC ,ATGATATGGATCCTGTCCCAGGATGACAAC"
ENSG00000076248,UNG,"AACCTCTACTACAATCAGGAAATTGAGCCC ,TAATTTCTGGGCCAGATTCTGGAAAGTTGC"
ENSG00000076248,UNG,"ACACCCAAGGAATAACAAGACCCAGCTTAC ,TTCTCTCGGTCTCTTATCTGATAAAGCTCA"
ENSG00000171848,RRM2,"AACTGGCTGTGCTGGTTAAAGGACTGTTTA ,ATCCCGCTGTGCTAAGCTCACTAAAGGGTC"
ENSG00000171848,RRM2,"GTTGGACTTGACATCACTCCCATCCTCTGA ,TACTCGCCTACTCTCTTCTCAAAGAAGTTA"
ENSG00000171848,RRM2,"ATTATTTCTCTTACTCTCTCCTCCGATGGT ,TTGTGTACCAGGTGTTTGAACATCAGGCAA"
ENSG00000171848,RRM2,"GTCACTTAGTGAATTGTGAATTGGCTCCCA ,TTAGTGGTCAGGAGAATGTATTTGGTGTAG"
ENSG00000011426,ANLN,"AACCTCTAGATAGCATGGAAATTTCCCGGT ,TTAAGGCTTTCCAATAGGTTTGTAGCAAGC"
ENSG00000011426,ANLN,"CTTGCTTCTGAAAGTGGCTGTCTAGCTCGC ,TTAGCATGAGTCATAGACCTTGGAGCTGCT"
ENSG00000011426,ANLN,"AATGATAATGTGTAAGATCCAACAAGGGCG ,AAGTTGCTGGTTCGCACAGCACTAAGACCT"
ENSG00000011426,ANLN,"ACGATCTTCAGAACCAAGGCTATCACCAGA ,TTCAGCTCGAGGGACACGAGTTCTTTGGAA"
ENSG00000138778,CENPE,"GAGTTTGTATAGGGATTGGGATAGGTAGGT ,TACCAGAAATGTGAGAAAGAACTTCTGTGG"
ENSG00000138778,CENPE,"ATTTCTATTCTTGCCAGTGTTGTTGAGTCC ,TTGGTTGTGGACTGTTCTGTTAATAACTCC"
ENSG00000138778,CENPE,"GAGGATCAGTATGTTCTGATATCACTGAGG ,TATCTTGGGCCTGTTGACTTCTTCTGAGAT"
ENSG00000138778,CENPE,"GGTGATTCCTTTGGCACAGGATCTTGTAAA ,TTCCGTTCCTTGCATTGAGAGGGTGTAATT"
ENSG00000073111,MCM2,"GGAAACAGACAGGGAGCAATGGCAGCTGAT ,AACTGTGGCGAGTGGATAATCCGCATGACT"
ENSG00000073111,MCM2,"CCTGACATCCATGTAAGAAGGCTAACACCT ,AAACCACACGCAGGCATCCTGAACTCAGCA"
ENSG00000073111,MCM2,"CAGCAACCAAGTAAGACACACTGGCAAGGC ,ATCCCACCCAAAGGTGAGAAGCACAAAGCA"
ENSG00000073111,MCM2,"TTCTGGGACTGGCAGAAAGGACCCAGGACG ,AAATTGCACTTGTTGCAGTTGTACTTGACC"
ENSG00000144354,CDCA7,"AACTGTGACAACAACTTGTAACATAAGCGC ,AATACATGGGATTGAGAGACATCAATCTGC"
ENSG00000144354,CDCA7,"AATTATGATTGTGTAAGCTGGACGCACCAC ,TTACCCTTCGGGCAGAAGAAATTAGGAGAA"
ENSG00000144354,CDCA7,"AATACTGACACAGGAAACCTGCCCAGAAAC ,TAGACTGGCAGAGATGTCAGGTTAACAAAC"
ENSG00000144354,CDCA7,"CAGAGAAGAAACTGCAGGAGGGCAAAGTGT ,AACTAGCAATATACCTTCTGTGATGCTCCA"
ENSG00000094916,CBX5,"TCATCCATGGGTCAGAATCGACAACATCCT ,TACGATCAGACTGTTTCTTAACCCAGCTAC"
ENSG00000094916,CBX5,"AAGGCTGACAAACTGACCACTTGGCCTTGA ,ATCGACTGTTAGGGTCACACCTGCCAATGC"
ENSG00000094916,CBX5,"ACAAACACCAAACTCACCACCAGCCCTCGT ,TTAGAATCCAATCCTAAAGCTACCGGAAAC"
ENSG00000094916,CBX5,"CCACCCACTTGAGGTATGGTTTATGAGCTC ,TTGCCCAATCACATTACCATTCAGAAGGAT"
ENSG00000087586,AURKA,"TAAACTTCAGTAGCATGTTCCTGTCAGGTT ,ATATGGCAGCCCTGGCTCAAGGATTTCTCC"
ENSG00000087586,AURKA,"CACATACTCATTCCAACAGCTTTACCAGGC ,TTCGCCAACCCAATAAGTTACACACTCACT"
ENSG00000087586,AURKA,"GCTTAATGTCTCTATGAATAACTCTCTTCG ,AATGACAGTAAGACAGGGCATTTGCCAATT"
ENSG00000087586,AURKA,"AACAGCTCTGAGACACATGGCCTCTTCTGT ,ATCCCAAGCAAATCCCTAAATGGAGGTAGA"
ENSG00000143815,LBR,"TTTCTTCTTACAGTGGTACTCGTCACGAGC ,TTCTCGGTGGACAAGCAACATGGTGAAATA"
ENSG00000143815,LBR,"ATGAATCCAAATCCATCGTGGATGATGTCC ,ATGGTCGTCAACAACGCTTCCTCATTCCAG"
ENSG00000143815,LBR,"AAGCCAGAAGAGCATTAGTAGATGTATGGA ,AATATACGGTAGGGCACACGCTGACAGTAC"
ENSG00000143815,LBR,"CCAATTCGAGGGTTTAATTCACGGCCAATG ,AAGAAATCATAGACAGCATTTCCAGAGCTG"
ENSG00000092853,CLSPN,"CCTCTCTTTGGACTCTGTCTCTCCCAGCTT ,AACCATGTGGGTCAAATGAAAGCCTGAAGA"
ENSG00000092853,CLSPN,"CTAAAGGCTCTCAGCTTTGGTGATCTAGGG ,TTATGCAGTTCTGCCCAGACCACAGAGCCA"
ENSG00000092853,CLSPN,"ATTTCTACATCAGATCCTGTGGCCTAAGTC ,TTCTCCCTTCCCTTATCCACTTCAGGTTCC"
ENSG00000092853,CLSPN,"ATCAGCAAGGTACCTCTCTTGGTATAAACG ,TAGCTGTCGCTTATCATCATCCAACATAGT"
ENSG00000075131,TIPIN,"TTCAACTAGACTACTCTGGGCACACTGTCC ,ATGGATTAGCCCTGCTTTGCAAGGAGCAGT"
ENSG00000075131,TIPIN,"GCAATAGCATCATTACATGGATTGTCCAGA ,ATGTCTTCGTTTAATCCATTTGACTCCTCC"
ENSG00000075131,TIPIN,"ATCTTCTACATGCTCATAATCTGGTAGGTC ,AATCACGCCATTCTCCTGTGGTTCTAGCAT"
ENSG00000075131,TIPIN,"AATCCTCAAACTGCAGTTTAGGGAATAGCC ,TATGTGCCCAGTGCTCCATGTGTCTGATTA"
ENSG00000156802,ATAD2,"AGTACAGAATTGTGGTGCAGCCAGAAGTGG ,TTCAAGAGCCCTCCCGCAAATCATGACTTG"
ENSG00000156802,ATAD2,"ATCTCTTAAAGCACAGGCTCTATGCCTAAT ,AAGACGATCTCCAGGATCTCTATCTGGATT"
ENSG00000156802,ATAD2,"AGACTCTCCTGTGTTTCCGGTCTCATTATG ,ATCTACACTTGTGTCTTGAGTTTCCTCTGT"
ENSG00000156802,ATAD2,"TGAGCTGCTGCTGTTCTACCTGGGAACGTC ,TAGCTCGAGTCATTCGCAGAACACACATTT"
ENSG00000117724,CENPF,"TTCTCTCAGGAAGATTATTGACTGGGACGG ,ATTTCGTGGTGGGTTCTCGGAGGATGGTGC"
ENSG00000117724,CENPF,"GAACACAGATGATGAAGCCTGATGCCGGGC ,AATGTCGCGGTGATTCATGGTGGCTTGTGG"
ENSG00000117724,CENPF,"TAGCAGATCCCTGAGGCTCTCATATTCGGC ,ATGCAAGTCTTGGTAACACCGGTCTTTGTC"
ENSG00000117724,CENPF,"ACTTCTTTGTCTGACAATGTCAAGTGCTCG ,TAGGAATTACTCTCGTCCAATGGAGCCAAA"
ENSG00000143401,ANP32E,"CACACCCAGAAACATTAGAGAATCTGGTCT ,TAGAATGATCTAGTCATCTTCTTCCTCTCC"
ENSG00000143401,ANP32E,"TTTGTTTCCACTCAGATTGAGGTAGGTAAG ,ATTTGGACATTTCTCTGCCAGGACTTCCAA"
ENSG00000143401,ANP32E,"CCACTTCCTCTTCTCCCTCTCCCAACTCTG ,AACCTGCTTCATCTTCATCTTCATCCTCAT"
ENSG00000143401,ANP32E,"GATCTGTTCCTTAACTCCAGGTTAATCTTC ,TTCTTCATCTCCATGTCCTCCTCTTGCTCT"
ENSG00000117650,NEK2,"TATTGGTCCGGTCAATAATCCGATCATAGT ,AACGAACGATGTTTGGATGTTTCAGTTCAC"
ENSG00000117650,NEK2,"AAACATTGGCTGGTTTCAGATCCCGATGCA ,ATACGGTATGACCACCATCACTTCGTCTGT"
ENSG00000117650,NEK2,"CGAAATATCATGTGTACTATACAGAAAGGC ,ATGGCTCATGGAACCAAGTATTCAACACTA"
ENSG00000117650,NEK2,"GTAGGAGCCTGTGCCAATGGTGTACAACAC ,TTCATAGTCCTCAGCCCGGGAAGGCATGGC"
ENSG00000134222,PSRC1,"GATGGCTCCTCAGAGGGCAGGGAGGTTAGC ,TACGGAGGCCGCTCACGTGGAAATGTCCAG"
ENSG00000134222,PSRC1,"CTGGGTAGAGGCGAGTCCAGGTACTGACTG ,TAGTGGTTTGCTACTGAAGTCTTGCTTGCT"
ENSG00000134222,PSRC1,"CAGATTGCTGCGAGTGGCACCCATGACAGG ,AAGATTTAGTCGCTGGGAAACAGGAACCTT"
ENSG00000134222,PSRC1,"TCACAGTGGGCAGCAGGTCTCGGACAGGAC ,TATCCTTCAGCACAAAGGTCTCCCGCCGAG"
ENSG00000102974,CTCF,"ACCAACCACTTTCTCTGCATTAACCTCTGA ,TAGCAGACCCTCCTGCTGTTCTTCCTCAAA"
ENSG00000102974,CTCF,"CGATCCAAATTTGAACGCCGTGGACACGTG ,TAACTGCAAAGCTCACACTGGAATGTCTTC"
ENSG00000102974,CTCF,"TGGCTTCTCGTGGGTGTGTTTGTAACGACG ,ATGCCGAACCAATTCTCCACTGGTCACAAA"
ENSG00000102974,CTCF,"CCTGGTCAGCAATCTGTCCACTAGCGCATC ,TTGTTCTTTGGCTTCAGGTCCGTAATCATT"
ENSG00000163950,SLBP,"ACCCTGGAGGACAACAGGGATTACGCAATT ,AAGCTCGCTGGAAGAGAGCTTCAAGTACTT"
ENSG00000163950,SLBP,"AAATCAAACTCATCCTCCACTTGACTGTCC ,ATGTGTCTCACCTTGGTGGGTGTGCCAGAG"
ENSG00000163950,SLBP,"TAATGGACTGCTAACAGAGAAACCACCAGG ,TACAAGTGCACACACATGCTTGGTGCCTGG"
ENSG00000163950,SLBP,"CGATCGTAGGCAATTGTGTTCTTCCCATAG ,TTGATCTGCTTCTGTCTCCTCATTAGGACA"
ENSG00000111665,CDCA3,"AGCTTCATCAGCATTCCCTGGGCCCAACGC ,TTACCTCCACTGCTGGTCTTCATAGGTGTC"
ENSG00000080986,NDC80,"ATGTCTGCAACTGAGTACTTCTGGTTGTCA ,ATGATATTCTGTAGTCGAGTGTTCTCCTGT"
ENSG00000080986,NDC80,"CCTGACACGACCCAGGGACCGAATTTCTGT ,AAACCGTGCAAGTATCTGCTAGACAGGACA"
ENSG00000080986,NDC80,"TATAGAGGCCTTGTTTATTTACATCCTGGG ,ATCTTAACTCCTGCATGGAGAGGCGGCCAG"
ENSG00000080986,NDC80,"CTCATTGAGACCATTTAATTTCTGGTCAAG ,AATGGCTGAATGAGACTCCAAATTGCTCAT"
ENSG00000162607,USP1,"ATCACAACCGCAAATAATCCATAGCTGTCG ,TTAGTTGGCTTTGTGCTCCATTCTTCTAGT"
ENSG00000162607,USP1,"ACTTTCACATTCCAAGCAACGCGTCCTTAA ,TACCAGCTGACCTTGAAATAATTTCTCCAC"
ENSG00000162607,USP1,"GAGGTGTCAATAAAGGAGTGTTGATCTTGG ,AAAGTCCACCACCATAACAATCAAACTCCA"
ENSG00000162607,USP1,"GTAATACTTCCTGTGCATCATGCTGTAGAT ,ATCCTTCATACATAGGGTTGAGTTCCCTCA"
ENSG00000167325,RRM1,"GGTTGGTACCAGCATTGAAGAGAGTGGGCG ,AAGCATGAGTAAACCACCTCTCAGAAAGAA"
ENSG00000167325,RRM1,"AAAGCCTTACCACCTCAAGCAAACCCACTA ,TACCTATCTATGCTCAAGAAGTAGTTTGGC"
ENSG00000167325,RRM1,"CTGAAGGATCCAAGACTGGACTGCGGCTCT ,AAAGCGCCGGCGGGATCGAGAAGGTGACAG"
ENSG00000167325,RRM1,"TTCTCCTTATTTAGAGTGAACTGGATTGGA ,TTAGCCGCTGGTCTTGTCCTTAAATAATAC"
ENSG00000139354,GAS2L3,"GAGTTTATGCAGTCATTACATGATCAGGAT ,ATGCTTGAGAGACTGTGCCTACAGTGCAGA"
ENSG00000139354,GAS2L3,"AATTCTACCTAACACAGAATAATGCCAAGC ,TAGTCAGCAGCAGCCATGACTTAGCACTGT"
ENSG00000139354,GAS2L3,"CCTCATCCCAGCCTCCATCCTCACTATCCT ,TAGTGTCTGCACCTATTTAGACAGACACAA"
ENSG00000139354,GAS2L3,"CAGAAACTGGCTGATTTAAATTCAAGGCCG ,ATTTAAGTTTCTGTGCTGGGACTGGCTTTG"
ENSG00000170312,CDK1,"TAGTTGCTAGTTCAGCAAATATGGTGCCTA ,TACTCCAAATGTCAACTGGAGTTGAGTAAC"
ENSG00000170312,CDK1,"AGCTACAACAACCGCGTCGCTCTCCGCTCA ,ATTTCCAAGAGCCAGCTTTGAAGCCAAGTG"
ENSG00000170312,CDK1,"GTCCTGTAAAGATTCCACTTCTGGCCACAC ,TTCATTATTGGGAGTGCCCAAAGCTCTGAA"
ENSG00000170312,CDK1,"TTAAACTCAGACTCGAAAGCCAAGATAAGC ,AACTCCTTCAGTTATTACTCTGACCAAGGC"
ENSG00000157456,CCNB2,"CTGCAGAAGCCTAAACTTGGAGTGGACTTG ,TACCAGCCAATCCACTAGGATGGCACGCAT"
ENSG00000157456,CCNB2,"GAAGGATGATAATGCACCATATCATAGTCG ,ATGAGAGTCAGCTCCATCAAATACTTGGCT"
ENSG00000157456,CCNB2,"TGCCTGAGATACTGATAGATATCCTTAACG ,TAGTCACTGCAGAGCTGAGGGTTCTCCCAA"
ENSG00000157456,CCNB2,"CAAGAGCAGAGCAGTAATCCCAACTAATTG ,AAGCTTCTTCCGGGAAACTGGCTGAACCTG"
ENSG00000151725,CENPU,"ACCATCACCTAGCAGGCTGTCAACAGGTGC ,ATCTGCTGATGCTGTCTGGGATAATGGCAT"
ENSG00000151725,CENPU,"AGTGCAGCAACGTTTGAATCAGTGCACTCA ,TTCCCACGGTGAGATATCGGAGACAGCATT"
ENSG00000151725,CENPU,"CTTCTCTAACTGATGGTTGATATTTCGCAG ,ATGGCTTTCGGCTCCCAGAAGTGTTCTTGC"
ENSG00000151725,CENPU,"TAGAAGCTACTGAAGATGCTGAATTAGCTG ,AAGCTGCAGAGAACAGTCTTCTCAGTTATA"
ENSG00000100297,MCM5,"TGCAGCTTCATCTTGCTGAGGGCTTCCGCG ,ATGCGCACAATGGCCTCCAGCTGCCGCACA"
ENSG00000100297,MCM5,"TGCTCATCCTTGACGATGAAGATCATGTCG ,AAGCGCGACAAGATGGTGGGCATGAAGTCA"
ENSG00000100297,MCM5,"ATGGCAAAGCGGCGCTTGAGCTGCTTCTCG ,ATGCGGCTCAGCATCTCCTGGTCCTCCTGG"
ENSG00000100297,MCM5,"TGGAAGTCCACGCATTTGCATTTGTCGGGC ,ATGATGAAGTACGGGTCCAATGGGCATTTG"
ENSG00000012963,UBR7,"GAGGATCTGCAATTAGGAGCCTGAGTGCCG ,AAGAACATGGTTGTGCCATTTCTTTGAGGC"
ENSG00000012963,UBR7,"CCCTTCAGCGCTGAGTTAACTGATCGGTAC ,TATTGTGCTGCACGTAATGTAACACATCAC"
ENSG00000012963,UBR7,"TTCTAGGTGACGGGAAGAGAGCCTTCCGTG ,ATGCCTGCGGAGGAGGTTCTGGAAGGCAAC"
ENSG00000012963,UBR7,"AGTTCATCTCATCCAGGGATTGGGCACTCG ,AATGAATACACAGATGCTGGACACATAAGG"
ENSG00000198056,PRIM1,"ATCTGTGGTTGAAGGCAGAAGATATCCACA ,ATGGTTTGAGGAGCTCTGTCTTCAGAAATC"
ENSG00000198056,PRIM1,"TAGTACTGAGAGTAGGGAAAGAGCCTCCGG ,TAATAAAGTTTAAGCAGCTCGGGCAGCTCG"
ENSG00000198056,PRIM1,"GCTCTGTCAATGATGCGTATGGCCATTGTC ,ATGAGGGTCCAGCACTTAGGACATATGTCT"
ENSG00000198056,PRIM1,"GTAAATGGATCAAACTGGTCCACTTTCTGC ,AAATCAATAGGCACAGATATGCGACCTGTT"
ENSG00000123975,CKS2,"TCGTAGTGTTCGTCGAAGTACTTGTCCGAG ,TAGTAGATCTGCTTGTGGGCCATCCTGCTG"
ENSG00000123975,CKS2,"AATCATGTAATGAACCCAGCCTAGACTCTG ,TTGGACACCAAGTCTCCTCCACTCCTCTTC"
ENSG00000123975,CKS2,"CATCTTACAGTAACCTACTTGCAGTTGCAT ,TTAACTGAGCTCTGTTGCTGTGAAGAATAC"
ENSG00000111247,RAD51AP1,"AGGTGCTAGTGGCATTTGGATGCAAAGGTT ,TAACTCGTGCTAATCTGGACAAGCCAAGGC"
ENSG00000111247,RAD51AP1,"TCACAGACACTACCACCAGTGGGCTGCTGC ,TACTTCTGCTACCTCCAGATGCCGCTGGTG"
ENSG00000111247,RAD51AP1,"TTCAGCTGAAGGACTGCGTATTTCTAATGG ,TTTCCTAGTGGTATCTGAAGACAGAGAAAC"
ENSG00000111247,RAD51AP1,"CTTGAGAGTTCTGCACATTAGTGGTGACTG ,TTGGAAGTTCCTTCACTGATAAAGCTAGTG"
ENSG00000075218,GTSE1,"CTCAGATGTGGGCAACGGAGGCTGTTCGGG ,AACCGGATTATTTAATTCCAAGCTGGCAGC"
ENSG00000075218,GTSE1,"TCGCTGCCTGACTTGCAGCATGAGCAGTGC ,ATGATTCCCTGGGCAAAGCATGAGCAGAGT"
ENSG00000075218,GTSE1,"TTCATGTCTGGAGTGTTTGTCATGAGGTCG ,ATCAGAGGCCTGCTTTCAGATCCTACAGCC"
ENSG00000075218,GTSE1,"GAATCTTTCCACGCCCTGGCTCCGAGGGTC ,TTCAGGCTTGGCAGCTTGGGCTGCCTGGTT"
ENSG00000104738,MCM4,"GTACTTTCATTCATCTTGTCGAACTCATCG ,ATACAGCAGATGCCGTTGTCACTCAGGACA"
ENSG00000104738,MCM4,"AGCTGCCTTGTCTCAGGGTCTTTCATTACG ,TACGCAGTGAGGCCAACTGCACTGGAGCCC"
ENSG00000104738,MCM4,"ACACGTACTGCAGCAGCTGGGACTTGCTGG ,TACCAGGGTCGCCACACAGCAAGATGTTGA"
ENSG00000178999,AURKB,"CACAGACATACAAACACACGCACCCGAGTG ,AATGACAGGGACCATCAGGCGACAGATTGA"
ENSG00000178999,AURKB,"CCCACCAGCAGCTCATAGCAAAGCACTCCA ,ATGCACCACAGATCCACCTTCTCATTGTGC"
ENSG00000178999,AURKB,"GGCCTGGATTTCGATCTCTCTGCGCAGCTG ,ATGCTCCACGCCCTCCTTCTCTATCTGGGA"
ENSG00000178999,AURKB,"TCCAAACTTGCCTTTGCCCAGAGGACGCCC ,AATCTCAAAGTCATCAATTGTGAAGTGCCG"
ENSG00000142945,KIF2C,"GTCACATAGACTTCCAGGCCCAACTTCCGG ,TAGCAGGGTTGATTCTTCAGGAGGAAGACG"
ENSG00000142945,KIF2C,"ACAAGACATTCAGTGCTCGGCCCAAAGGCG ,TAGAAGGTTTAGAGCCAGCAGATAGCTGTA"
ENSG00000142945,KIF2C,"ATTTGGAAGCACGCGTGGGAGCGGGAGGAA ,TTGGAGTTGGCAAATGTCTGCCCAGAGGTT"
ENSG00000142945,KIF2C,"AATACCAAGAAACCTCAATTTCGCTAACCC ,TACGAAGTCTTAACGCCGCGTAAACCGCCG"
ENSG00000092140,G2E3,"GTCTCGCCCTTCTTTGCAACGACATCTTCG ,AACATCACAACGCTCATAGTGCTGCAGAAG"
ENSG00000092140,G2E3,"TCTGGGATCCAGGTGACTGTCTGGGTAATT ,TAGGTGATGACTCTTCCAACAAACAATCTG"
ENSG00000092140,G2E3,"TTGCTCCCATGACCGTAATGAGGAGCAGGC ,TAAATGTGTGCCACTGGAACCACAACACTG"
ENSG00000092140,G2E3,"CACATGCAGACACTCAATTGAAGGAGTGGG ,TTTAAATCCAGCTGGAGGAATGGAACTGCA"
ENSG00000188229,TUBB4B,"GTCAGCTTTAGGGTTCTGAAGCAAATGTCG ,TAGAGAGCTTCGTTATCAATGCAGTAGGTC"
ENSG00000188229,TUBB4B,"GCTCCACCACTGTGTCTGACACTTTGGGCG ,AAGGCACCACACTAAACGTGTTCATGATCC"
ENSG00000188229,TUBB4B,"CTGGTACTGCTGGTACTCGGACACCAGGTC ,ATTCATGTTGCTCTCGGCCTCGGTGAACTC"
ENSG00000188229,TUBB4B,"GCAGTCACAGCTCTCAGCCTCCTTTCTCAC ,AACATCCAGCACCGAGTCCACCAGCTCCGC"
ENSG00000136982,DSCC1,"TGCCACACTTCTTGAAACTCAGCGAGATTG ,AATTTCACCGCATTCTGAAGTAGCATTCGT"
ENSG00000136982,DSCC1,"GCATGTCTACGCCAGGCAGAGGAGTAATTA ,TTCAGCCAATTTCATGGATGTAAACGATGG"
ENSG00000136108,CKAP2,"TGAATGTTAGTAAAGGAGCTCACTGCCGTG ,AATGCTTAGGATACATAGGTACATGGCCAA"
ENSG00000136108,CKAP2,"ATTAATCTTAGACTGAACAATCTGGCCACG ,ATAAGATCCAAGCACAGGTTTCTTGGGCAT"
ENSG00000136108,CKAP2,"ACTGTGATGACTTCTAATAGGAGGTCGCAC ,AAGTTGTGTGTTCTGAGATGTAGTGCTCAC"
ENSG00000136108,CKAP2,"ACTCAGTTGGTTGAAACTGACAAGGTAGGA ,TTAGCTTTCCAATGTAGAGGACAACTCTTG"
ENSG00000093009,CDC45,"TGAGCAGGTGTTTGCTGAGCAGGCTTAGGG ,ATGCCGGCCTAGAGAACAGCATGACATCTG"
ENSG00000093009,CDC45,"ATGGTCTGCTGGGTGGCTCGCAGCTGCTTC ,TTGGCGAGTTCCAGGCCATGGTACAGCTTG"
ENSG00000093009,CDC45,"GCACAGACCACAGCTTGAACCTGGCTGCGG ,TATAGCTGGTGTTGCACAGGCTGTCATGGA"
ENSG00000093009,CDC45,"AGTGTGTTCTCCTCATCCTCGTTCCGGTGG ,TTGTGGCGGGAAACGTGGCGCTGCAGGACA"
ENSG00000117748,RPA2,"AAACAGGCAGAGGCCAGCAGGTTTCTCGGC ,TAGGGCTCTGCCTATAACGCCCTGGTCCTG"
ENSG00000117748,RPA2,"AAGAAGAGAAACTCCTGAGCACTATGTAAG ,TACTCTCCTGGTAGCATCCTTCCAATTCCA"
ENSG00000117748,RPA2,"TGTAACTTCCTCAAGAAATCCCACCCTGGA ,TTGCATCCCTGTCAATTGCCCATCTCCCTC"
ENSG00000117748,RPA2,"CAACCAAAGTGGCAGAAAGCAGCTGAGATA ,TAGTACAGGGCACAATGTGCTGGGCTCGGG"
ENSG00000197299,BLM,"TCAGCTGCTGCCTCAGACGTTCTGAGAAAC ,AACGGCCACAACACTTGCAGCGGCAGCAAA"
ENSG00000197299,BLM,"CACGCGTGGCTCTTCCTTTGGCTTCTGGGT ,TTCGTGTTATGCTCAGAAGCTCTTGCACTG"
ENSG00000197299,BLM,"CATGAGCATGTGTATTTCTTCTTCTGAGAC ,TAGCCTGTTCACATCCTTGGTCCACCTGCC"
ENSG00000197299,BLM,"TCTTTCTGATACTGATTTAATTGGCCGACC ,TTCCTTGATGGGTTGATAGGCAGCTGTGGA"
ENSG00000076003,MCM6,"TCTTCGAGCAAGTAGTTAGGGTTAACTACC ,AAGTAGGGATCTTCTTCATAGCTCTCACTT"
ENSG00000076003,MCM6,"ACCAAAGGAAGTGCTGAAGCCTGTGTTGGT ,ATGAAACCTGTGATGAATGTGACACATAGG"
ENSG00000076003,MCM6,"ACATCAAGGCAAGTTGAGTACTCATGGGTA ,TTAGACTGTCCCACGTGGGCCTTAGCCTCA"
ENSG00000076003,MCM6,"AGAATCTCCTCCTGTTGGCACAAACTGGAT ,TTCGGCAGATGTTTGGCTGTGTGTATTTGA"
ENSG00000159259,CHAF1B,"TCATCTGTCTGCACAGGATCAACAACTGCA ,AACCGCACCTCACGCCAGCCACATGACACT"
ENSG00000159259,CHAF1B,"TGGAAGCCCTGGTCTCAGGCACCTCCAGCT ,TTACCGTCTCCCTGCACACACCGGGAGCCT"
ENSG00000159259,CHAF1B,"GCGGGAACCCAGGCACTGGTATGTCAGCTC ,TTAGGTGATTTCAGTATGCAGCTACAGTTG"
ENSG00000159259,CHAF1B,"GGGTGGAAATCACACTGGTTGGTACAGAAC ,TTGGTGGAGTGTCCGTCTTTAAGGGTGTTA"
ENSG00000119969,HELLS,"AGCCTGCAATGCCGCGAGCTAACTCCTCAC ,AACCGCTGCCGGCCCAGCCTTCTAGCCAAA"
ENSG00000119969,HELLS,"CTGCTTCTTTGAAAGTGGAGCATAAACGAC ,TACTTCTCGTTTAGGAGGAACTTCAAGAGC"
ENSG00000119969,HELLS,"GTCTCTCATGGCTATTTCAAATGACGTGAT ,TACCACAGGATGAATCTGCAAAGTCCCTTT"
ENSG00000119969,HELLS,"GTACTCCTCTCTGAATCATCAATGCAATAG ,TAGCAATGCACTGAACTGTCTTACCCAATC"
ENSG00000077514,POLD3,"ATACAAAGCCACTGCTTTAGTCCTAGACAT ,AATGCCAGGACTCATCTCCCAAACTTCTGG"
ENSG00000077514,POLD3,"CAGCAGCACGGCAGCTCCTCCAATATCGTC ,AATGCTGACTCGAGGTAATTTCTGGTGGAG"
ENSG00000077514,POLD3,"AGGAACAAGAAGGAATAATTCCTGTGCCAT ,ATGCGGACCAGGGCATAGGGTGAGTGGAGC"
ENSG00000077514,POLD3,"CTGGTCTGTAGCCAGGTGTCCGTGTACTGC ,ATAATGGAGGAAGAGGATTACAGGGAGATT"
ENSG00000136492,BRIP1,"ACTAATTCCCTGAAGGGTGTGGTGATTGCC ,AATATGACTTAGCAAATCAGTGGCAGAGCC"
ENSG00000136492,BRIP1,"GTCTCTTGTCTTCTACCAGGTATTTATTCG ,TTTCACTACCCTACTATCCCTATCTGTGGT"
ENSG00000136492,BRIP1,"GGCCAGTAGTTTACTTCTTGGAATATCATC ,TTGGTCAGTCATGATCTGAGGAGAATATAC"
ENSG00000136492,BRIP1,"AGGAAAGGAAACCGACTTCTGAGAGCAAAT ,AAAGCGGAGCCCTGGAAGAGAAGAAAGGGC"
ENSG00000134690,CDCA8,"GTCAACTTTGGTGTCTCATTTGTGGGTCCG ,TATGCTGCTGCAGATTTGGGCGAGACGGTT"
ENSG00000134690,CDCA8,"GGTGTCATGAGTGCGAGAGGGTAGACGGAC ,ATGTTCCCTACTGAGGTCACTGCTGCCAAC"
ENSG00000134690,CDCA8,"TTCAGAAAGGAGGCGAGCTTCCGCCTCCGT ,AAGGAGTTGGTCTTGGCCACCCGACTACTG"
ENSG00000134690,CDCA8,"CAAGAGGGCTGCCATTCCCTGAGATGTTGT ,AAATCCGCTCTCCTGCTGCTGGAGTACGCA"
ENSG00000112742,TTK,"TTCCACTTGGTTTAGATCCAGGCACAACCA ,AATCTCGGCATTCTGATCTAGAGGTTTGTC"
ENSG00000112742,TTK,"TGTTGCTGCTGGAAACAGGCAGGTTGGCCA ,TAAGGTGTTGACAACTGACAAGCAGGTGGA"
ENSG00000112742,TTK,"TTCACATCACAATCTGGGCTATTTAGAAGG ,TTAACTGGGACTCTTCCAAATGGGCATGAC"
ENSG00000112742,TTK,"GTTAGTTTGTCTCAATGAATTCCGGTAACC ,TATTTCTGCATCTTGTGGTGGCATGTTCTC"
ENSG00000168496,FEN1,"TTTGGCTTCACTGGCAGTCAGGTGTCGCAT ,TAGCACAGGGCTGCCGAAGGTGAGGCAGTC"
ENSG00000168496,FEN1,"ATGCCGTTCTCCATCATGCGAATGGTGCGG ,TAGAACATGCCCATCAGGTGGCTGGTGGTC"
ENSG00000168496,FEN1,"CATAGAGGCATCAATGGCCACCTTACGGCC ,AAAGTAGCTCTTGATGTCATTCTCCCGGAT"
ENSG00000168496,FEN1,"GTGGATCCCTTGGGTTCTGGCTCCTTGCGC ,TTAGCTGAAGAGAGTGAGCCGGTCACCTTG"
ENSG00000123485,HJURP,"AACTGATGGTCCCTCGTGCCATCCCTCGTG ,ATGGCACGAGCAACACATGTAGATGAAGGA"
ENSG00000123485,HJURP,"TCAAATCGGATTTCAATCTCCCTCTGACGG ,TTCTCTCCATGGCCCTGTCGTATTGTTGGT"
ENSG00000123485,HJURP,"GTCTTTGGAAGTGATGAAGATGAATCGCTC ,TTGGGCAGGCACCTACCTGCTTCCAGAGAT"
ENSG00000123485,HJURP,"CTTTGCTGGAAGGTAAACTCAGCCTGCGGG ,TTTCTAAGCCCTGAAGGCCACCAGGACTCG"
ENSG00000115163,CENPA,"ACATCCGTTGACAAGCACAGTCCACTCAGT ,TACATGATGCTGCCACTAATGGTGAGGCTA"
ENSG00000115163,CENPA,"GAGACAGCAAAGTCCAGACAGCATCGCAGA ,ATCCATTGGATCTAGTCATGGCTCTGGAGA"
ENSG00000115163,CENPA,"TGTAGGGCCAATAGGGCCTGGGCTTGCCAA ,TTGAAGTCCACACCACGAGTGAATTTAACA"
ENSG00000115163,CENPA,"AAGAGGTGTGTGCTCTTCTGAAGCTTTCGG ,ATCTCCTTTAGCCAACCTTGTCTCCGCCGA"
ENSG00000148773,MKI67,"TATCATGGCAGCCAATATAGTACAAGTCAG ,TACCGCTGATTTCTGCATTCATTCAGCAAG"
ENSG00000148773,MKI67,"CTTCTAGTGACTGGGCCTCTTCCTTAGGCG ,TTCTTGGCCACTTCTTCATTCCAGTTACAC"
ENSG00000148773,MKI67,"CCCTGACGTCTGTGTGAGCTTGCCGACTGG ,TAGGACCTCTTCTTTCACACCTACTTTCCC"
ENSG00000148773,MKI67,"CCTGCTGATGGTGTTCGTTTCCTGAGTGCG ,AAGAATTCTTCTTCTACGTCCACTTTCCTG"
ENSG00000174371,EXO1,"ATTCGGAATGTCATCACTTGAATTACGTGC ,TACATCTGTGTCAACCAGTCTCTTGCCTTC"
ENSG00000174371,EXO1,"ATTTCCTTGGGAGATTTAACCCTTTAGTAC ,TAATCACTCGTTCCACTCCCACAGTACTTG"
ENSG00000174371,EXO1,"TAGCTGATAGAGGAAGGTATTGTTGGCCCG ,AATAAACCCGTTGATGTAATCCTCTGGTAC"
ENSG00000174371,EXO1,"CTGGGACTGTGAAGAACATGCCTCTTCTCG ,TAAGGGATGAGACTCATCGTCACTGGACTC"
ENSG00000131153,GINS2,"TCCACTTAACTGCCGTGTGCCTCAGTTTCG ,TTGACTGAGTCATCTCAGCCACAGGCTCAG"
ENSG00000131153,GINS2,"GAAGTGTTTCTAGAGCTCCAGAACCACGAG ,TACCTCATCACGTCCTGAGCGCTCACATCC"
ENSG00000131153,GINS2,"ACTCTCCAGAGGCTGGAGGTTCGTGCGGAG ,TTTGTACATGTGGTTGAGCGCTTGTGTGAG"
ENSG00000131153,GINS2,"CTAGACACTGGAGGGCAGATGCTGGGTGAT ,AAGTCTTTAGGCTCAGCCTGTCACACATGC"
ENSG00000132780,NASP,"GGGAAATATCAGTCACACAATTTGATGAGG ,AAGCACCGTCTGTTGGCTTTCTACTGGCAA"
ENSG00000132780,NASP,"CCTCAATTTCTTTCTTGTATTCAGCAGACG ,ATCCTTCAGCCTCCTTCACCTGCTCGTTTA"
ENSG00000132780,NASP,"TGTGCCACTGCCTCATCATACTGAGAGTTG ,TACCCATAAGCCAAGCCCAGCTGGTAGTGG"
ENSG00000132780,NASP,"AAGGAGACGGTCGTGGGCTTCCAGGTACTG ,TTCCTGCAGGTTAAGGCAGGACTGGAACTC"
ENSG00000184661,CDCA2,"AGAGTCTCTCTGATAGGATATTCTCCGACG ,TTTGGAGGACAACACTGCAGGGAACCCAGA"
ENSG00000184661,CDCA2,"CCCTTCCCATTAAGAGAGGATCTTCTCCGG ,TAGCCTTTGAACTGGGAAGTGGCTTTAGTA"
ENSG00000184661,CDCA2,"AGCAGGTTTGGGACTATCTGATGCCACACG ,TTCTTCAGTTACAGAAGCACAAGAAACAGG"
ENSG00000184661,CDCA2,"TGGTGTGCAAGGATTAGGAGGTAATTCGGC ,ATGCTTCTGAGGAGTCACAATCTTCCCAGT"
ENSG00000169679,BUB1,"CTGACTCCACTGGAAGCTTGTGGAATGGTG ,TAGACGCAAGTTGTGCAGCAGATGTGAAGT"
ENSG00000169679,BUB1,"CGGTGGGTGATGGCTGCACTTTGGATGGCG ,TTGCCTGAACCATTCCCAGTGATGTGTTTG"
ENSG00000169679,BUB1,"TGAACGCTTACATTCTAAGAGCAGTACAAT ,TAGCCTATTACGTAGGGCCCTAATCTTGTT"
ENSG00000169679,BUB1,"GCATCATTCAGATCTCCCTGGGTAGCTTCG ,TACACCTGGGCAAAGGCTCCTTCTCCAAGA"
ENSG00000132646,PCNA,"TTCAAATACTAGCGCCAAGGTATCCGCGTT ,ATCTTCGGCCCTTAGTGTAATGATATCTTC"
ENSG00000132646,PCNA,"CCATGCTCTGCAGGTTTACACCGCTGGAGC ,TAATATCCCAGCAGGCCTCGTTGATGAGGT"
ENSG00000132646,PCNA,"TCGCGACGACCGGCTGAGACCTAGAAAGAC ,AACGACCACTCTGCTACGCCTGCAACCGTT"
ENSG00000132646,PCNA,"CATCTCCAATATGGCTGAGATCTCGGCATA ,TACGTGCAAATTCACCAGAAGGCATCTTTA"
ENSG00000118412,CASP8AP2,"TTGCTGTTCGGTAAGAATCTCGAAACTTCG ,TTCTGGCTTCAAAGTTGCATGCTGGGATGT"
ENSG00000118412,CASP8AP2,"GAAACTAGCTCTTCTGTTGTACAAGCTGGT ,ATAGACTCGCACTTAAGAGTCTCTAGCAGC"
ENSG00000118412,CASP8AP2,"TAGGGTGGTACTGAAAGCCTGGAGCAACAG ,ATCGGCTTGTCCAGGAAGAAGAACAACTTG"
ENSG00000118412,CASP8AP2,"TCGTCTTCCTTGTTGGTTTCTGAGATACCG ,ATCCTGGGTTCAGTCACTGCTAGAAGAGCA"
ENSG00000094804,CDC6,"ACCTGTTGTAGCTCAGATCACATTACACGG ,ATACAGTGGTCAGGATGAATGAAACAGTGG"
ENSG00000094804,CDC6,"ACTTGGGATATGTGAATAAGACCAACCCTC ,TTGGGAATCAGAGGCTCAGAAGGTGATTTA"
ENSG00000094804,CDC6,"GTTCCTGACTCAAGCCCTACAGTTAAGAGG ,AAGGCGCCAAGCCTCAAACACAATGAGGTG"
ENSG00000094804,CDC6,"AACTACCTTCAGAGGGAACGAATACTCTAG ,TAAAGGAGTGTGAGAACAACATTCAGACTC"
ENSG00000049541,RFC2,"CGGCTCCTGTACCTCAGAATAGGGCACCTG ,TAAGTCAGTCAGTGAAGTCTCTGCTCTAAC"
ENSG00000049541,RFC2,"GCTACCGTGCCTGGCCAGCCACTGGAGTTT ,AAAGGACAGTCATGTTGGCTCCAGCCTAAG"
ENSG00000049541,RFC2,"AAGATGTTGCCAATGATATCTTCTGGTGAG ,TAGCCCAGATGCCACAAGTGAGCAAGAATC"
ENSG00000049541,RFC2,"TCATCAGTGTAGGGTACCCTCTCCTTCTCG ,ATAACATTCATCAGCCTGGTGAGGATCTGG"
ENSG00000051180,RAD51,"GAAAGACCAAGCAGGTAGATGGTGAAGGGC ,TAATGGCCTAGTAGGTTTGGCACAAGACTC"
ENSG00000051180,RAD51,"CAGGCTTAAGTGATTCTCCCACCTCAGGCT ,ATCGAGTAGCTGGGACTACAGGCACGTGTA"
ENSG00000051180,RAD51,"GCATCTCCCACTCCATCTGCATTAATGGCG ,AACATAGCTTCAGCTTCAGGAAGACAGGGA"
ENSG00000051180,RAD51,"GCTGCTCCATCCACTTGAGCTACCACCTGA ,TTAGTGATTACCACTGCTACACCAAACTCA"
ENSG00000143228,NUF2,"TTCCTCTTCAGTTCAGCTGTCTTCTCATCT ,ATCTTAGCATAGGAGTCCTCTGCTGCCTTT"
ENSG00000143228,NUF2,"CAATTTCTTCAGTTCTGACTCATCACTCTC ,AATTTGGTCCTCCAAGTTCAGGCTCTCCTT"
ENSG00000143228,NUF2,"ATCCTGATTTAGTGATTGTTGTAGCTCCTG ,AATTCCATCTGAAAGCTGCTTGAACTCTTC"
ENSG00000143228,NUF2,"AAGGCAGGCAGTCAACTGAGTCTCCATAGA ,TTTCATATTTCTCCACCACTTCTTGTCTGG"
ENSG00000013810,TACC3,"TTCTCCATCTTGGAGATGAGGTCGTCGCAG ,ATCCTGGTCAGCTCCTCGTTCTCTTTAGTC"
ENSG00000013810,TACC3,"CTGGCCCTCCTGGGTGATCCTTGCCAGGTA ,ATCCTCCACGCACTTCTTCAGTGACTCTTC"
ENSG00000013810,TACC3,"TCCCAAGAAATCGAACTCCACAAGCTTGGC ,TTCCCGCGGACGTCCTGAGGGAGTCTCATT"
ENSG00000013810,TACC3,"GCTCTCAGGAGCAGAGGTGTGTGCACAGGT ,AAGGGTCTGAGTGCCATCTGCTGGCACGGG"
ENSG00000101868,POLA1,"TTCCCTTAGGATTTCACGGCACAACCAGCG ,AAGAGTTTGCTCAGATTCACTTCGGAGTAG"
ENSG00000101868,POLA1,"CCTGTTTGGTGACATAATTCCCATCCGACG ,TTGGCTCAACAACCAGAGCAGCGTACTTCT"
ENSG00000101868,POLA1,"CACAATCCAGTCATCATCCTGGCGTGCCTG ,AACCAGCTTCGAATACTGTTCTTCATCAAC"
ENSG00000101868,POLA1,"GAGGTGAAGCCTTACAATCGATGTTACTGC ,AACGATACAAGCTGGGCTCCATATCTGTTC"
ENSG00000276043,UHRF1,"CTATAAGGCTCAAACGGTTCCCAAGCACCC ,ATCCGGTGTCAGGAAGAACTGGATGACCGC"
ENSG00000276043,UHRF1,"CTTTAGAAAGAAGGAACGAATCAAAGGCAC ,TTGCACGTGACTTCGTGTGCTGGCGTCCGT"
ENSG00000276043,UHRF1,"GAACCCGAGAGAAGGACTGATCCTGTCGCC ,TTCTTAAAGAGTTGGTGGCAGCAACTTCTG"
ENSG00000276043,UHRF1,"CTGTTCCGCGGTCCTCTTGTTGCCGGAAAG ,ATCTCGACCACCACTACCCGTGTATGTGAA"
ENSG00000092470,WDR76,"TCATAGCTCAGTGACAGTATGTGGGCCGGA ,TTGGCGGGTGAGAAGTAAAGACAGCTAACT"
ENSG00000092470,WDR76,"TTTCTCATAAGAAGTTCCAGGTGTCCGTCT ,ATCCACCAGTGACATATTTCCATCCCAGTG"
ENSG00000092470,WDR76,"TTACCACATAAACACACTAAGGCACGCCGA ,TTACTAGGCTCCTTAGACAGTGGTCAATTT"
ENSG00000092470,WDR76,"TGTCTCATGGAAGATTTCTACCCGTCGTGG ,ATGGGCCATGCTGCCAACTATGACACAGTC"
ENSG00000120802,TMPO,"AATTGCTTGAACCTGGGAGGCAGAGGTTGC ,ATCGAGCCCAGATCGTGCCACTGCACTACA"
ENSG00000120802,TMPO,"ATCTAGGAGTAAGTTTCCCACTCACTTTGC ,AAGGACCCACTCATTCTGCAGAAAGACCTA"
ENSG00000120802,TMPO,"CAAACGATTCTCCTGCCTCAGTCTCCCTAG ,TAGACAGGACTACAGGCGCACATCATCACG"
ENSG00000120802,TMPO,"TCGTTGCTTGAAGCCATTATAGTTTCAGCT ,ATGGGAGTACTCTCTGAAATTACTGGACCA"
ENSG00000169607,CKAP2L,"AGCGGGACACTGCTCGCTCAATCCTCGACG ,AACGCCGTACAGGAGTGATAAATTTCATGT"
ENSG00000169607,CKAP2L,"GGTTGTTTCCACATCTTGGCTATTGAGAAT ,AACACTGCCACAAACATGTGAGTGCAGATA"
ENSG00000169607,CKAP2L,"CTTTGATGACTGAACTTTACTAAGGGTCCG ,AATAAAGTGAGAGGGAACCGTCCTTGAGGG"
ENSG00000169607,CKAP2L,"AAGCTAGCGTCAAAGTTCAGATCTTCCACG ,ATGAAAGAACTTGCCCTCTGCTAAGGTGGA"
ENSG00000138160,KIF11,"CAGGATCACATTCTACTATTGAATGGGCGC ,TAGCTTTCCGCTCTGCCAAATTAAATGGTC"
ENSG00000138160,KIF11,"TGCATTGTGTTGGTCAACTGCCTTCTTACG ,ATCCAGTTTGGAATGGAGACCAGATACATC"
ENSG00000138160,KIF11,"GAATTAAAGGTTGATCTGGGCTCGCAGAGG ,TAATCTGCTCTTTGTAACCAAGTGCTCTGT"
ENSG00000138160,KIF11,"AGAATCCTGGAGGATTCTAGTTAGTTTAGA ,TTCTCGATAAGGAACATGAGGTGTTCTTTC"
ENSG00000089685,BIRC5,"GGACATGTATCTGAAAGAAAGTCTAGGCGG ,TTGCACTTAGACAAGGGCCTACGGCTTTAT"
ENSG00000089685,BIRC5,"ATGACCTCCAGAGGTTTCCAGCGAAGCTGT ,AACAATCCACCCTGCAGCTCTATGACAGGG"
ENSG00000089685,BIRC5,"AGAGACAACTGCGTCTCTGCCAGGACGCTC ,ATCCTCACTGCGGCTGTCTGGGCAGATGGC"
ENSG00000089685,BIRC5,"GCGAATCAAATCCATCATCTTACGCCAGAC ,TTCAGCCCTGCGGGAGCTGCTGCCTCCAAA"
ENSG00000010292,NCAPD2,"CCCTACCTCAGGTTATCCACCCGCCTTGGT ,ATCGCAAAGTGCTGGGATTACAGGCGTGAG"
ENSG00000010292,NCAPD2,"CAGAATTCGAATTCCAGGTCACCCTACAGG ,ATACCCTGCACAGGGAGGACAGGAACAGAC"
ENSG00000010292,NCAPD2,"GTGAACAGAAGACGAAGCTGGGAGTCGCAG ,AAAGTGGCACTGATCATGCAGAACTTGCCA"
ENSG00000010292,NCAPD2,"ATGATATCTGGAAGGAGATTATAGATTGCG ,TTGCCCTTGTGGGAGAGCTCATTGAAGAAG"
ENSG00000095002,MSH2,"TTGTCTTTGAAACTTCTTGGCAAGTCGGTT ,AAGATCTGGGAATCGACGAAGTAAATCTTC"
ENSG00000095002,MSH2,"GATATAGCCCATGCTAACCCAAATCCATCG ,TAGGTAGAAGTTCCTCTTCCCAATTCATCT"
ENSG00000095002,MSH2,"CTGGTCGTACATATGGAACAGGTGCTCCAT ,TTGACACGTGAGCAAAGCTGACAACAGCAT"
ENSG00000095002,MSH2,"CAGAGCCTGTATAACATTAGGTAGTTGATT ,TATACCCTGATAGAGTCGGTAACAATCTTG"
ENSG00000158402,CDC25C,"CAAAGAAAGAAGGTAGACAACGCTCTTGCA ,TAGCCCGAAGCCCAGAGAGAAAGAGTTGGC"
ENSG00000158402,CDC25C,"ACAAATCTCTATGCAACTCAAGGCTGCCTT ,ATAGAGCCAGCTCCAGGACTCTGCCACCAG"
ENSG00000158402,CDC25C,"ACCTAATCCATTCCCAGGCCTGGATACAAG ,TTGGTAGCCTGTTGGTTTGCAGAGACATCT"
ENSG00000158402,CDC25C,"GACTTGTTAGCAGCCAGTGGCTGGAATGTT ,ATCATGGGCTCATGTCCTTCACCAGAAGGG"
ENSG00000175305,CCNE2,"TCCTCTTCACTGCAAGCACCATCAGTGACG ,TAAGCAAACTCTTGGAGTTTAGGAGCATAG"
ENSG00000175305,CCNE2,"TAGAAGAACTTTAGGAGCATCTTTAAGAGC ,ATCAACTTGGAGAAAGAGATTTAGCCAGGA"
ENSG00000117399,CDC20,"CAGTGTGGCCACATGGTGTTCTGCTACCCG ,AACATCATGGTGGTGGATGTGGCCAGAACG"
ENSG00000117399,CDC20,"CACTCGGGCAGAGTGACTGGTCATATTTCG ,AAGCCGTTTCTGCTGCTGCACATCCCATAG"
ENSG00000117399,CDC20,"TCCAGGATACGGTCTGGCAGGGAAGGAATG ,TAACGGCAGGTCTTCCGGCTGGAGCCAGGA"
ENSG00000117399,CDC20,"TCAGCACTGCTGGTGCCCACAGCCAAGTAG ,TTGCCCTCTTTGATCCAGGCCACAGAGGAT"
ENSG00000129195,PIMREG,"TATAAATAGGTACCCGTGAGCCCAGGGTCG ,TAAGCCTGGAAATATCTCCTATGCCTTCCT"
ENSG00000129195,PIMREG,"ATAGATGAGGCAAATAGAAGGCTCAAGGTC ,AAGTGTACGATGAGTTTCTAAGCTCAAGAG"
ENSG00000129195,PIMREG,"GGAAGCATAGACATCCTTGAGTATGAAGCC ,TTGGCGGTCAGACAGGGCTTGTTTCCTGCA"
ENSG00000129195,PIMREG,"GATCGCCGTAATGGGTGGGCATGTGAGCCC ,ATCCGGACAGAGAGGCGGTGATGCTCCTTC"
ENSG00000137804,NUSAP1,"GCATAACTAGCTGCCATCAGGTAAATGCTA ,TTGGCTAGCAGAAGACTGCAGTTCTGTTAA"
ENSG00000137804,NUSAP1,"CGGCGATACTCGGAAGATGGATCACCAAAC ,TTCGTCAGCGCGGTTCAAATCCCTGGCGCC"
ENSG00000137804,NUSAP1,"ACTCTGACTTGCAGGGCCACAAGACCGGCC ,TTGCGAGCGTCGTTGGCTGATGGGAGTAGA"
ENSG00000137804,NUSAP1,"ACTCAGAAGCTCCACTGAGGTGAAGGAAAC ,ATGGACATGATACTAAGCAAAGCCTAGTCT"
ENSG00000126787,DLGAP5,"ATTGGCACTTCTGGGAGTCATAGGTGTTAC ,TTGATAGGTCTTCAGACCATCCAGTGGCTG"
ENSG00000126787,DLGAP5,"TACTCTGAGATACAGCTTTGTTGACAGACT ,TAGGTGTTCCAAGTCTTTGAGAAGGGCCTT"
ENSG00000126787,DLGAP5,"TTTCAGAAGTTTGTCTTGGACCAGGTCGGA ,TTGCTCGAACATCACTCTCGTTATCAATCT"
ENSG00000126787,DLGAP5,"GCTGCTTGAGTAGCTGATCGAGTCATTCTC ,AACGACGTGGGCATTACAGGCTGCACAACT"
ENSG00000164104,HMGB2,"TCCTCCTCCTCCTCCTCATCTTCTGGTTCG ,TTCTTCTTCTTTGAGCCTGTTGGCCTGCCA"
ENSG00000164104,HMGB2,"CTCCGAACACTTCTTGGAGAATTCCGCGAA ,ATTGACGGAAGAGTCCGGGTGTTTCTTCTT"
ENSG00000164104,HMGB2,"CTTAGCTGCTTTCTGTTCATATGGTTGTTT ,ATCTTTGGCTGACTGCTCAGACCACATTTC"
ENSG00000164104,HMGB2,"ATTCCACACGCATCATTAAAGGATAGCCAT ,TTATTCTTCATCTTCATCCTCTTCCTCCTC"
ENSG00000138182,KIF20B,"ACCTTTCACCTTCATTCTGTGTCTTCATAG ,TTCGTTCTGAACCAGCAAGATCACATAAAG"
ENSG00000138182,KIF20B,"TCCTCTGAAGATCTGCTTTCAGATTCTGGG ,TACGAGCAGAGCTTGCAGAGAGTTCCTCTT"
ENSG00000138182,KIF20B,"TTTGAAGTTTGTCAGGATCTGCTGAACTAA ,TACGTTTGGGCTTGATATCCATGATTTGTG"
ENSG00000138182,KIF20B,"TAATTTAGCCTCAAGCACTTGATCCTGTTC ,TACCTGAGTTTGTTCCTGTTCTTCTAGTGT"
ENSG00000143476,DTL,"AATGCCTCCAAGTTCAGCAGAAATCGCAGC ,TTGCGCCTCTCACAACACAAATCGTTATCG"
ENSG00000143476,DTL,"TCCTGGAATTGGGTGTCTGGGATGACGGAC ,TTCGTGGAGATGGATTCTCAGCCTTCCGTT"
ENSG00000143476,DTL,"TCCTGCTGAGACTAAGGTATTCTCGTCTTG ,AAAGAGGACCACAGTAACACTTTGCTGGAA"
ENSG00000143476,DTL,"CTCCACAAGGTCTCAAAGGAAGAGGTAGCG ,TTCCACAGCTTTCTGAAGCATACGGACTGA"
ENSG00000129173,E2F8,"CATATGTAAACTCTCTAGGACGTTCACGAT ,ATCGTAAATGCGTCGACGTTCAACATTAAG"
ENSG00000129173,E2F8,"TGGCTCTGGCCTGGGACTGGTGAGTCATAG ,TTGGTGGCCCTTCCTTGCTGAGTGCCTGCA"
ENSG00000129173,E2F8,"TTGGGTTCTGGATGGGAACAGGGTGGCTTG ,AAGCGAGAGCCGGGCTGTTCCCGACAGGTA"
ENSG00000129173,E2F8,"AGGCTCAGCAGTAAAGTCGTGGGAGGTCGC ,TTGACAGGAAAGTTCCAAATTCAGTCCCAA"
ENSG00000072571,HMMR,"TGAGATGCATTCTAAGCTGGAAAGCCAGCG ,AAAGGGTTCAGAATGAGGTGATAAAGGTGA"
ENSG00000072571,HMMR,"ATGTTTACTTCCATGATTCTTGACACTCCA ,TAGGAGCTCGGTAACAGTTTGTATTGCCTT"
ENSG00000072571,HMMR,"TAATAGGTAGGACCAAGTGAGCATTATCAG ,AATCAAAGTAGAGGCAATAACAAGCCAAGG"
ENSG00000072571,HMMR,"GAAGGGTCATTGAATCGTTTCAAGGGCGCC ,TTAGGAAAGGACATGTTGACGGCCAGCTCC"
ENSG00000113810,SMC4,"TTTCCAGTGTTGGTAAATCAAAGGCCCACG ,AAGGTATGCTGAGCCTTGATAGCACAACCT"
ENSG00000113810,SMC4,"TATTTGGGTAATAACTGTGGTGATTGTCTC ,AACTGGCAAGCTAAGTGGAATGCCTTAAAG"
ENSG00000113810,SMC4,"AATAGAATCAACAACAATGTAGTCCAGTGC ,ATGACAACAGGATGATATAGCCACGTCGTA"
ENSG00000113810,SMC4,"TTCAACTTACGAGATAGCCTAGGCTTGTTG ,AAACACTGTCCTAATTTACTGGCTCTCTGG"
ENSG00000088325,TPX2,"TGACTTTATCTCCAGACCCTGGTACTTGCG ,TATTGGATTTGCCTTATGCACCAGTTCTCT"
ENSG00000088325,TPX2,"GGTTAAGAGCAGGTCCCATTGCCGGGCGGT ,ATCCGCAGCTCACAGCTGAGTTTAGCAGTG"
ENSG00000088325,TPX2,"GGAACAAAGGGCTCCTGAGAGATGACGGTG ,TTTGGACGAGCCTTGAAACAAGCTGCTTCT"
ENSG00000088325,TPX2,"CTGGTTCTTAGGATGTTGTTTGATTCGCTC ,ATCTGTGCGGAAGTGGAAGTCAACTGATTT"
ENSG00000131747,TOP2A,"TGATTTGGAGCCAGTTCTTCAATAGTACCC ,TTGAAGTTCTTGTAACTTGGAAGCATTGGC"
ENSG00000131747,TOP2A,"CATTAAGAAAGACTTTGACATCTTTGGTGG ,ATCCAGCAATATCATATGCTCTTCTGACCA"
ENSG00000131747,TOP2A,"TCAGCCACTGATCCAGCTAATTGGGCAACC ,TTTACTTCTCGCTTGTCATTCCGTTTGAAG"
ENSG00000131747,TOP2A,"TAGCAGAATCCTTGCCACCATGTAGCCTGG ,TACCAAACTGACCAATGGGCTGCAAGAGGT"
