name,gene,seqence,position,CG_fraction,specificity
NEFH_1,NEFH,ATCTCGCGCAGCGCCGACGTCACGTCGCACTTCAGGGCGTCGCGCGTCTCGGCCTGCATC,836,0.7,1.0
NEFH_2,NEFH,ACTCAGTTATCTCCTCCTGCGCTGAGCGCATAGCGTCTGTGTTCACCTTGGCTGCCTCCG,976,0.5833333333333334,1.0
NEFH_3,NEFH,AGCTGCCGCACCTTGTCGATGTACCCGGCGAAGCGGTCGTTCAGCGCCTGCAGCTGCTCC,368,0.6666666666666666,0.9107142857142856
NEFH_4,NEFH,GACTCTTCTGAGTTTCTTTGGCTGTTCCGGATGTTCCTTTCTCCCTGCCTTACTTCCCCT,3127,0.5,0.8083333333333335
NEFH_5,NEFH,ATAGTCAAGTGTTTACGTGTGGCATTCGGCATGTATCACATTCAGCTACATAAGCTATCA,3364,0.4,0.8012079831932774
NEFH_6,NEFH,ATTTCTAACTGCTCATTCATTATTGCGGTCATCTGTCAGTTGCACATAGAGGCAATAAAT,3456,0.36666666666666664,0.7762737262737263
NEFH_7,NEFH,GGAAGCGAGAAAGGAATTGGGCCAAAGCCAATCCGACACTCTTCACCTTCCAGGAGTTTT,1283,0.5,0.7558441558441559
NEFH_8,NEFH,AGCCATCTTGACATTGAGCAGGTCCTGGTATTCTCGCAGCTGGGCGGCCATCTCCCACTT,1197,0.5666666666666667,0.7095588235294118
NEFH_9,NEFH,AAATTCCTGTTTGAAGAAGGAGGCCCCGTCATCTAAGCAGTTTCTTCTTACATAAAGACA,3228,0.4,0.6755952380952381
NEFH_10,NEFH,TGGAGACTTGGCCTTCTCAGGGGACTTGACTTCGGCTGGGGATTTTGCTTCCTCCTTCTC,1674,0.55,0.6493506493506492
NEFH_11,NEFH,CCTTCTCAGGGGACTTTGCTTCCTCCTTCGTTGGAGACTTGGCCTTTTCCGGGGACTTGA,1969,0.55,0.6468253968253969
NEFH_12,NEFH,GGGGCCTTGGCATCCTCCTTCAGGGGAGATTTCGCCTTCTCTGGGGACTTGACCTCCTCC,2444,0.6166666666666667,0.6449592074592074
NEFH_13,NEFH,CTTGGCTTCAACTTTGGATTCTTTGGGCTTTTCGACAGCAGGTTCCTTCTTCTCCTCCAC,2694,0.48333333333333334,0.6041558441558441
NEFH_14,NEFH,AATTTGTCTGCAGGGGACCTTGCTTCCTCCTTCGCTGGAGTCTTGGCTTCTGGAGACTTC,2357,0.5333333333333333,0.5450926498545546
NEFH_15,NEFH,CAGAAGCAATTGAAAGTGAACTCCAGTGGAAAGTGCGCCCTGGCATAATTCAGTGGCCAG,3633,0.5,0.5168717486994797
NEFH_16,NEFH,AGCCTTTTCTGCCTTAGGCTTGCTAGGCTCTTTTGAGAGGGTCTTGTCATCTTCCTTGGC,2997,0.5,0.4801303854875283
NEFH_17,NEFH,TCCGGTGCTGCCTCCTTCTTCTCTGCTGGTTTGCTGGGTTCCTTGGCCTTGGCATCATCT,2873,0.5666666666666667,0.4592120181405895
NEFH_18,NEFH,AGCTCAGAGCGCTGCCTCTCCAGTGAGTCCTTGGTGCTTTTCAGTGCCTCCAGCTCTGTG,1061,0.5833333333333334,0.4088226936190771
NEFH_19,NEFH,GGTGACTTTGCCTCTTCCTTTACTGGTGACTTGGCTTCCTTCTCTGGGGATGCAGCCTCT,1595,0.5333333333333333,0.3543730370936253
NEFH_20,NEFH,TTCACTGGGGACTTGGCCTCAGCCGGTGACTTTGCTTCTTCCTTCACTGGGGACTTGGCC,1883,0.5833333333333334,0.2812511247885397
NEFH_21,NEFH,CTCAGACTTCTCCACCACTTTGATCTTCTCTTCGCTTTTCACCTTTATGTGAGTGGACAC,1368,0.45,0.2519789216499607
NEFH_22,NEFH,CTTCTTGGCTACCTCTGTCTTTTCTTTGGGTTTAGCGTCTTCCTTCACCTCCACCTTGGC,2808,0.5,0.2450612916819969
NEFH_23,NEFH,CTTCCAGAATAGAGAGCTCTGGGCAAGGGCTTGACCACTCCTTTGGAAAACAGAAGGCAT,3550,0.5,0.1880694702123273
NEFH_24,NEFH,GGAGATTTTGCTTCCTCCTTCTCTGGGGACTTGGCCTCAGGCGGTGACTTTGCCTCTTCC,1739,0.5666666666666667,0.1580722753792973
NEFH_25,NEFH,TCTCTGGAGACTTGGCCTCAGCCGGTGACTTTGCCTCTTCCTTTGCTGGGGACTTGGCCT,1822,0.5833333333333334,0.1355992401780918
NEFH_26,NEFH,TCTCTGGGGACTTGGCCTTCTCTGGGGACTTAGCTTCTTCCTTCACTGGGGACTTGGCCT,2278,0.5666666666666667,0.1348985217959031
NEFH_27,NEFH,GGCCTCTTTCTCCTCTTCTTCAGTCACTTCTTCAGTCACTTGGGTCTCCTCTGTCTGTTC,1449,0.5,0.1115194269333041
NEFH_28,NEFH,CTTTGGAGCCTCCTTCTTGGGTGCCTCCTCTTTCTTGCTGTCCTTCTTCTCCTCTGTTTT,2628,0.5,0.1101383960542755
NEFH_29,NEFH,TTCACTGGGGACTTGGCCTTCTCAGGGGACTTTGCTTCTTCCTTCACTGGGGACTTGGCC,2153,0.5666666666666667,0.08435293369392
NEFH_30,NEFH,TTCACTGGGGACTTGGCCTTCTCAGGGGACTTTGCTTCTGCCTTCACTGGGGACTTGGCC,2069,0.5833333333333334,0.0718773512902934
NEFH_31,NEFH,TTGGCCTCTGTCTTGGGTTTCTCCTCAGGCTTCTTGGCCTTCTCCTCCTTGGTGTCTTTT,2936,0.5166666666666667,0.0340924635114326
EIF2S2_1,EIF2S2,TGAGTGACTGCTCCTGAGCTGCTTAGTACGAAGTCGGGCAACAAGAAAGCGAGGAGCAGC,2251,0.55,1.0
EIF2S2_2,EIF2S2,TCTTGGAGGAGTTTCCTGAACCGCACACACATCGCTTCCTCACCAAGAGAGATGCTCAAC,1905,0.5166666666666667,0.8214285714285713
EIF2S2_3,EIF2S2,AGATGGCCTTCTCCCATGTGCCAGCGGAGAATCCCCTTCCAGCCAAATCCTCAGGAAGCA,2134,0.5666666666666667,0.8079590914956769
EIF2S2_4,EIF2S2,CATAAACAGCAGTTGGGTTCATCGTGGCAGTTGGTGGCAGTTTCAGCCAGTGTGTGGGTT,2432,0.5166666666666667,0.6568452380952381
EIF2S2_5,EIF2S2,TAGTTAGCTTTGGCACGGAGCTGTGCTCGCTTGCCCGTGACAGCCTGGAAGCCGGTTTTG,1104,0.5833333333333334,0.644047619047619
EIF2S2_6,EIF2S2,TCTTAGTGGCCAACGAGGAAGGAGGGTACCTAGCACCTTGTATTCCCTCATGTGGTAACA,1786,0.5,0.6169217687074828
EIF2S2_7,EIF2S2,TGAGGTAGTAGCAACCATCCCCACATACGGAAAAGAATTCAAATCTATGGAGTCATTCCC,1706,0.43333333333333335,0.6031959769354727
EIF2S2_8,EIF2S2,CCCTCCACTGTTTTAGCCAAGGTGTTTGACAACACTTGGCCTGTACTTTAAGGGTCACAG,2345,0.48333333333333334,0.5755207537560479
EIF2S2_9,EIF2S2,AAAATGGCTGCCCAGATGAAGCGCCTGCCATTGTTCAGTTTCTCAGTCAGAGCCCGGCAC,1542,0.55,0.5450879240585123
EIF2S2_10,EIF2S2,GTAGGCAATGAGTATGTCAACAGCTTGAGCATCAGCGTCTTGCAAGGACTTCAGACCAAC,1288,0.48333333333333334,0.5345238095238096
EIF2S2_11,EIF2S2,CCTTGCTTTATTCATGTAGAAATATCCAACATTGGGAATCGTGTGGGTGTAGATACAAAA,2507,0.36666666666666664,0.4875390558628631
EIF2S2_12,EIF2S2,GTGTGTCCTTCTGCAGGATTGTGTCCGGTGATCGGCATGTGTGACAAGTGACATATTCCT,989,0.5,0.4732142857142857
EIF2S2_13,EIF2S2,CACCACACTCGCGTGGGAGGCCGTGTCTACTTTAACTATGTATCTCAAGAGAAGCAGAGA,1605,0.5,0.4509096062667491
EIF2S2_14,EIF2S2,AGAAGTTTTCTTGGTTCCTACTCGGACGACTTGTGGAGGTTTCATGACAAATTTCCTTTT,757,0.4,0.4488095238095238
EIF2S2_15,EIF2S2,TTCAAACCCAGAACACAAGTTGGCTAGGAAAACGGAAAGCTTCCTCTGGCATCCCTGTTT,1978,0.4666666666666667,0.358139618166107
EIF2S2_16,EIF2S2,GATGGCAAACCTGTCCAGCCACATCTCCACAACAAGCTTTGCAAAATCAGTGATTAGCAA,1166,0.45,0.296017287408927
EIF2S2_17,EIF2S2,ATTCTTTTCCCTCATGATGTTGAACACTCGATTCAGCAGCTCCTCGTATGTGTAGTCTCT,676,0.43333333333333335,0.2945165945165945
EIF2S2_18,EIF2S2,CTTTTGTTTCTGAAGGCTGGGTTTCCTCTGTTTGGGTATCCCCTTCCTCATCTAACATAA,230,0.43333333333333335,0.185959486358646
EIF2S2_19,EIF2S2,CACCACACAAGCAGCATTTCTTGGTTTCTCATGGTCATATTCAAAAGCGACTTTTAAATC,2071,0.38333333333333336,0.1713989720940543
EIF2S2_20,EIF2S2,GCATAATGTCAAGGTCATCCTCTGGTTCAGTTGGTTCTTGAACATCACTTTCAATCTTAA,464,0.38333333333333336,0.1485554221688675
EIF2S2_21,EIF2S2,ACTGTTTTATATGGTTGGTTTCTTGCTGATTTCACCAAGCACATTTATAGAAAAGAAAAC,1480,0.31666666666666665,0.104432105009836
EIF2S2_22,EIF2S2,TCAAGACATTTTCTATCTGTTTCTGTTGGAATCTTCCTTTGATTACAAGTTGGTTATTAC,917,0.31666666666666665,0.1039504703442891
EIF2S2_23,EIF2S2,TTTTCCTAGTGTCCTCTTCATCAGCTTCCAAATCCTTGTCCTCAGTTGGCTCTGGCTCCA,293,0.48333333333333334,0.0816612423375341
EIF2S2_24,EIF2S2,TTTGTTGTCTTCATCTTCTAGAGCTTCATCTTTCTCTAGTATTTCATCCTCATCTGGGAA,559,0.36666666666666664,0.0465355352190043
MARVELD1_1,MARVELD1,CTTGAGGGAGGGTGAGTGTGGTGGCGGTCTTACGTGTTCTTCTCATACCTGGCAGACAGA,2874,0.55,0.7326839826839827
MARVELD1_2,MARVELD1,ATTTGTAATCACCACTAAACAATGAGGCACATCGGTCCCCTCTCCCCAACCACCCTCACT,3146,0.5,0.6709183673469388
MARVELD1_3,MARVELD1,CGTGTGGATGGATGAGGCTCCATGGCGGCCAAGGAGATATCTGCTCCTGAGTAAGGTCAC,2740,0.5666666666666667,0.6092353349321991
MARVELD1_4,MARVELD1,CAAGCCGCTGGAAGCCAAGCGGGAAGGCACATCTAGAAGGGCAGTGAGCTCTGGAATGCT,2807,0.5833333333333334,0.4310319932168672
MARVELD1_5,MARVELD1,CTGAGTCCTGGTGCCCAGAGAGGGAGACCTATGCAACTGCCTCCAGTATCCAAAAGTTCT,2971,0.5333333333333333,0.3529066171923314
MARVELD1_6,MARVELD1,AGGGTGAGCAGCCAGAAGAGCACGGACACGAAGAGCGCGAAGTGCACGGGGCCCTGGTAC,335,0.65,0.3333333333333333
MARVELD1_7,MARVELD1,TCCTTGAGGTTGCAGTAGCTGTGGCGCTGCATCTGGTCGCTCATGATGCCGGTGGCGGCG,506,0.6333333333333333,0.3178571428571429
MARVELD1_8,MARVELD1,CTCGTCTGCGAGTGTGTGTCAGCCCCTCGGATCGCAGCCTGCGCTTGTCCCGGGAGACGG,935,0.6833333333333333,0.2827380952380953
MARVELD1_9,MARVELD1,AACGCTGGAACTCAAATCCACTGTTTAGGGTACAGGAGTACACAGCTAAGTTCCAGGTAT,2568,0.45,0.2637213976499691
MARVELD1_10,MARVELD1,GAGCATCTCCAAGAAAGGGAGACAGCACCGTTGACAAACCCATTTGGCCTTGAAACCCTC,1751,0.5166666666666667,0.2316849816849816
MARVELD1_11,MARVELD1,CAAACAGAACACAGCCAATGGGTTGGGCCCTTCGGCATGAATGAGAGCCGGGACAGCACA,1923,0.5666666666666667,0.231547619047619
MARVELD1_12,MARVELD1,CCGAGCACAGAGAGACCGGCTGGGAGGAGCTTCGCAGGATGCCAGCACAATCCCCAGCTA,1259,0.6333333333333333,0.2273809523809524
MARVELD1_13,MARVELD1,AACACTGTAGAAATCCTTTCCTGAGTCTGCAAATGGCCCCAGACTGGGATGGGAGCTGCC,3051,0.5333333333333333,0.2214794083817701
MARVELD1_14,MARVELD1,CCCTGTCAGCTGCTCCAGATCAGTGCCGGGATCTCTTGCAGGTGACTTTCCTTTAGCCTG,2157,0.5666666666666667,0.2136724386724386
MARVELD1_15,MARVELD1,CAAGAGGAGACTCCACAAGTGTAAGGGTACAACCCACCGGCTTCTCCTATCGGTCCCCAC,1348,0.5666666666666667,0.2098595848595848
MARVELD1_16,MARVELD1,AAGGGGTGGGGTTCACCTTAACATTCCACCATGGTCGTGGAACTCCTAATGCAAACAGAT,1554,0.48333333333333334,0.2096438575430172
MARVELD1_17,MARVELD1,TGTTCAAATTCCCCAGTTCAGGTCTCTGGCTAGAGGCAGCAATCTACTTCCTCACTGGGG,2046,0.5166666666666667,0.1558429160686572
MARVELD1_18,MARVELD1,AATCTTCACCCATCTGGGCTCTTCCATTGCATGGTTTGGAAAGGAAGGGGCTGGGCAGAG,2443,0.5333333333333333,0.1526100183663208
MARVELD1_19,MARVELD1,GGGTCCTGACTCACCCACCCTTTTAATGCAAACAGCGCTGGACTGCAAGTCTGGGTTCCA,1664,0.55,0.1499032498107746
MARVELD1_20,MARVELD1,AAGGAGATCTTGAGAAGGATGGACCTGAGCTAAAGATGTAACTTAGATGGTGATCTGAAA,2644,0.4,0.1473093030158247
MARVELD1_21,MARVELD1,GAGACTTGTGTCACGGAGAGGCCAGGACAGTTAGTGTGTGTTTGGCACTGGCCTGCAAAA,1439,0.5333333333333333,0.1406357531357531
MARVELD1_22,MARVELD1,CAGTTAATACAGCAAACTAAATTATTTCTGTAACAGCGGGACTTCTCAGTCTTTGATAAG,1816,0.35,0.1266754185936629
MARVELD1_23,MARVELD1,TGAGAGCGGTCGGTGTGACCAGCTCTGGGAATCTCCATGGCCTCAGCAACATGGAAACCT,2284,0.5666666666666667,0.0970349678332871
MARVELD1_24,MARVELD1,AATCTTGTGTCCAAATCATAGCACAAGGAGAACAGGAATTCTCTTGAGTTAAGGCAAAAT,2504,0.36666666666666664,0.0846860964196863
MARVELD1_25,MARVELD1,ACTCTGAAAGCTTCTGCAGGCCAAGGCCAGAATGGTGTTGCCAGCCCAGGGCAGCGGGCC,2345,0.6333333333333333,0.0671685757073859
MARVELD1_26,MARVELD1,TGTCCACGTCTTAGTCTCAGCAGGGAAGGGAAGAGGAACCGCGAGGTTTCGCCTCGGGGC,997,0.6166666666666667,0.0667619862779726
MARVELD1_27,MARVELD1,GCGCCTGCGTTTTACAGCACCGGAGGCTGGATGAGGGGCCAGGGAAGGGAGTGCTCTTCC,1135,0.65,0.0508376227426443
GHITM_1,GHITM,GGTGCACCAGGTCTACCGAGCAGATCTGAAATGCTCGGTCCCCGGTCACCTTCGCCTCGC,88,0.6333333333333333,0.2118087289176507
GHITM_2,GHITM,TTGAGTTCTTGGCCAGTTCTCCCACGCCGGATCCCAATTCTTGTTTTGGTGGCATATTCC,282,0.5,0.0769230769230769
GHITM_3,GHITM,AGGAACATGCTGAAAAGAACTAATCCACCGTACATTGCCACTGAGTAAAGAGTGGCACCA,966,0.45,0.0744047619047618
GHITM_4,GHITM,CTCTCATCATGAAGTTCATGAGAACAGGCGTTCTGCTGATTGCTATGGCAGACAAAGCTG,566,0.4666666666666667,0.0721396250808015
GHITM_5,GHITM,GCCTGGGCTCTGGTCATATGGTATTGATCGTACCAGCATTCCAGCTCCAACCATGGCTGC,655,0.55,0.0716394351262772
GHITM_6,GHITM,CTAGGTGTTAACAGCCATTGATTCTTCGTGATGGAATTCTTCACAACAGGGGAGGCCTTG,219,0.4666666666666667,0.0665211804324707
GHITM_7,GHITM,GACATGTTTCTTATCTTCTAAACTTCAACGAAAGCTGCTTGTACAAACTATTTAATGCAT,1249,0.31666666666666665,0.0661536186380906
GHITM_8,GHITM,CCAATCTCATTAGACAGTCCCAAGCCATAGTAGCACAATGCTCCAAGACCAACAGCAGCC,417,0.5,0.0660952789446578
GHITM_9,GHITM,ACTTACAAATGTCTCAAGAAAGTAATGGTGTAGCAGTGTAAGAGAAGTAAAAGTCTGCTA,2295,0.35,0.0599279688565402
GHITM_10,GHITM,GGTGACTCCTTCTCTCTGGTCCCTTTACCAAAGCTCCAAATCACTTATGACATTAATTAC,1573,0.4166666666666667,0.0590333991221319
GHITM_11,GHITM,ATATAGGTGGAATGAATTCTATCCTTGACATACTGAGGCCAAATTACAGCCTTTTCAATA,480,0.35,0.0583594778237635
GHITM_12,GHITM,ATACCCAGATGTTTCTTACTGGCTCCTCACTAATCAATAACACAAGTGCTAAGTTCTAAG,1657,0.38333333333333336,0.0544582090984784
GHITM_13,GHITM,ATAATTCCATCAAGGATTCTCTGTATGATTAACATTCTGTACAAGTCAAACATGACCACA,1839,0.3333333333333333,0.0540246816759295
GHITM_14,GHITM,GTGGAGAGGCCTCCCACAATGCCAGCTGTGTACCATGCAGCTCTGATGAGAAGAGGACCC,786,0.5833333333333334,0.0536919021687929
GHITM_15,GHITM,GGAGAATGCATCACCTGTGCCTGTTTCAGGATGAACAGTTTTGTTAAGTTCAGCAGATGA,1743,0.43333333333333335,0.0525766065388779
GHITM_16,GHITM,AGTCACTTCATTTCTTTCTGTTGCCTCCAGTTGCCAGCATAGTTGCAACTCGCATAAATA,1139,0.4166666666666667,0.0517386746443343
GHITM_17,GHITM,AACTAATGAAGCATTTTCCTCATTACACTTTTGGGTTGATATATTTCATTAAGACAGAAC,2230,0.3,0.0512919375454022
GHITM_18,GHITM,AACATGAGAATTGAAAATGTGTGTGCTTATTTGGGAGAGGATTACTGCATTTATTCTCCA,1360,0.35,0.0462485134108723
GHITM_19,GHITM,ACTGCTTTCATAATTTCCAGTGTAAGCCACAAAGAAGCTTTTCTATAAAGGCTTGAAAGC,2096,0.36666666666666664,0.0429710793511714
GHITM_20,GHITM,GCCCACTCCCAGGGGTGCACCCATGTTCAGAAACTTTTCACTGGGCGCACACATGGCCAC,847,0.6,0.0326915556250901
ARL5B_1,ARL5B,CAAAATCACACATTTGAATAAACAGGATCGAAATACGACACTTGTCTTTCCTCTTAATTT,2085,0.31666666666666665,1.0
ARL5B_2,ARL5B,TGGTTACAGAAGAGGCTCCACAGTTTGGCGAAGATCAGCCCCATCACGAGCACCGGGGCG,221,0.6,0.9350649350649352
ARL5B_3,ARL5B,AGGCCGAGAAGCCTCGACCCGACCACTCAGAAGGCGCCGCGACGAATCCCCACCGGACAG,50,0.6833333333333333,0.8961038961038961
ARL5B_4,ARL5B,AAGATGAACATTCCAGAGCAAACAGCATCGTTTTACTTGGGTTAAGTAGGCATGCAAACA,7031,0.4,0.8821428571428571
ARL5B_5,ARL5B,CTGTATTTGAGTAATATGTGTTCCAGGATGATCGCAGAGACTCCTGACCACCAATATCCC,430,0.45,0.8732142857142857
ARL5B_6,ARL5B,GATTTCTTTCTTTACAGTAAGTTCTGTCCGAAAGATGAATGGTTTATAGAGGGAACAAAT,1223,0.3333333333333333,0.8670068027210884
ARL5B_7,ARL5B,GATGGCAATTGTTTCAAGTCTATTACATAATACCGTCAAATAAATTCAAGGAAAGCCATG,1811,0.3333333333333333,0.8452380952380951
ARL5B_8,ARL5B,CTTGGAGTAAAGAATAATCAGTTTTCACGTTACTGTGACAGGAAAGATTGAGTGAAAACC,3098,0.36666666666666664,0.8194444444444444
ARL5B_9,ARL5B,ATAATTTGACAGAAGAAAATTGAGCCAGCCAATCTTACTAGATACAAGAAGGCAGATAGT,2758,0.35,0.8179271708683472
ARL5B_10,ARL5B,ACATTTGTAAAAGACTGACAACCTGGCTACTAACCCTACTCTTTCAATATGGAAAGTCAC,4927,0.38333333333333336,0.8165584415584416
ARL5B_11,ARL5B,GTTATAAGAATATTTCAGAAGACATCACGCATATGACAAACATTTCTTACAAGGCAGTCA,1040,0.3333333333333333,0.7965325077399381
ARL5B_12,ARL5B,AGAAACAAAATGGACTGTTCATACTTCGGCTTCAGCTACTGCCCAAAGCAGCTGTGATAT,1687,0.43333333333333335,0.7879464285714286
ARL5B_13,ARL5B,TCCCACACACACCACAAACCATCCATATCGATTTATGTCTGCTTTTCGCTCATGTTCTTG,2544,0.43333333333333335,0.766156462585034
ARL5B_14,ARL5B,ATGATCCTTAATTGAACTAAGGGTGAGGTATTTCGAGATTTCAGCTGCTGTCATACACCC,627,0.4166666666666667,0.7657429526994743
ARL5B_15,ARL5B,GAACTATAGACTGGGGTGGCATCAAACGGCAATAAACTCTGAACAAATTAACCACTTCCA,4864,0.4166666666666667,0.75
ARL5B_16,ARL5B,GTATAATTCTTCTTTTGTAATAGCTAGTCGTTCCCTGTCAATGCTATCAACAACAAGAAT,498,0.3333333333333333,0.7462121212121212
ARL5B_17,ARL5B,AAAAGTTATCTCACACCAATCCGGGAGGTCATCCACTCTAGACCTTGGCATAACCCTTCT,722,0.4666666666666667,0.7438775510204082
ARL5B_18,ARL5B,AATCATGAACTTTTCCCAATCAGCACCGTCTACACTGATGCCAATTTCATCTTCAACACA,3001,0.4,0.7370948379351739
ARL5B_19,ARL5B,CAAGCATAGTAATGAAGATATTCTTAGAGCTTTCGCAGAAAGCCTGAAGCTTAAGGAGTA,6590,0.38333333333333336,0.7104890604890606
ARL5B_20,ARL5B,TTACAATGAATGTCAGAACCAATGCTCTAGTATTAGATACTTGCTTGGGTTAAAACATTC,3159,0.3333333333333333,0.6830357142857143
ARL5B_21,ARL5B,GACACTAATTGTCTAAGGTCAACTAGACAATTGAGAAACGGCCAAATTAAGGCTCAAATC,4385,0.38333333333333336,0.6678921568627451
ARL5B_22,ARL5B,AGCTATTTCTATTCAGCTATTAATTCGCTGAATTTAAGTTGAATAGCAGTTACTGATACG,4669,0.31666666666666665,0.6613035830808046
ARL5B_23,ARL5B,ACTTAGGGAAACTACCCTCAGTACTTACGGTAAACAACACAACCAAGCAGAAATTCAGGC,2646,0.43333333333333335,0.6346191955042887
ARL5B_24,ARL5B,ATCCTCTACTTGATACAGAATCACTAAGAAAACGGCTTAAAACAAAGTTAAACAACTACT,2446,0.31666666666666665,0.6284971940721368
ARL5B_25,ARL5B,CTGTATCTTGAAGTCACTTTACCCCGGCAAAATGTAAAATAGCCTTTAGGACTGAATTAG,4275,0.38333333333333336,0.6019104952462199
ARL5B_26,ARL5B,AAAAGGTAGAACAGTCTCCTGAAGGTAATGTAGGTGGGTCCCTTGCTTTTCACTTACTAT,3412,0.4166666666666667,0.590188383045526
ARL5B_27,ARL5B,TAAGAAATGCAAAAGATGCCTTTATGTGACTACAGTTCCAAATTCTAAAACCCTAATCAG,5516,0.3333333333333333,0.5710034013605442
ARL5B_28,ARL5B,AAATATGCAAATAAGTCACTGATGACTGGGATCAACTGATAGTCATTTGATATCTTACCA,6034,0.3333333333333333,0.5642185400806091
ARL5B_29,ARL5B,CAACTATTTCTTCAACATTGCTTCCTATGGTTGGAGAAGTATGAACCACTTCATTCATTA,346,0.35,0.5133116883116883
ARL5B_30,ARL5B,ATAATCATTCACTCTGATTAGAATAAACGCAACACCAAGGTTGTAATTGCTGTTAGGTTT,6361,0.3333333333333333,0.5115319204604919
ARL5B_31,ARL5B,GAAAGCTTTCCTTTGGCCACTGTTCAGTTCAAGGGTGTGCTCCAACTAAAGATAAATCAG,2374,0.43333333333333335,0.4525061539767421
ARL5B_32,ARL5B,AGTGCTGGAGAAGTCTGCAGGCAGTACCTGATGGTTTCCAAGACTACTCTATCAAACCAG,1157,0.48333333333333334,0.4452885699734438
ARL5B_33,ARL5B,AAGAGTAAAACAAAACAAAGTCTCCAAGGAATGCTATCCCTTAGTTATGAATTTTGCATA,5806,0.31666666666666665,0.4250375510482428
ARL5B_34,ARL5B,CACAGGCTGGTTCTTTCTAAGCAGCTTACTATCCTTTTCTTAGCAATATGGCTTGTTTTC,4746,0.4,0.4201563550247761
ARL5B_35,ARL5B,TTGTTGTTGTTAATGCTTATATATTGGACCAATGGAACACATTTGTTTGGCTGGGGTTCA,6764,0.36666666666666664,0.3968054848115887
ARL5B_36,ARL5B,TGAACAAATGTTGCAGGCAGAAGAGTGGACTTGATTCCTTTAGATAAATAAACAGCCTAC,1401,0.38333333333333336,0.3516630988059558
ARL5B_37,ARL5B,TCTTTTATGTTCCAGTTCAGCTGCACTTGATTCAAGTGTTGCTCTCAGAGGTTTGTGTTG,875,0.4166666666666667,0.3259526727357609
ARL5B_38,ARL5B,TTTCCCTACTTGGTTGTATTCGTATTCTAAATAAAATAACAGGTGGGAATCAAATAATGG,4607,0.31666666666666665,0.3178312089022873
ARL5B_39,ARL5B,AACAGAAGAATTGTTGCTGAAAACATAGTTATACATTACATTCATCCAACTGAAGATTAG,964,0.3,0.2977628219119815
ARL5B_40,ARL5B,AATTCTAAGAGTTCTCAAATGGGCTTCAATAAGAATGATGGGTTTAAAGATGAAGGACAT,3588,0.3333333333333333,0.2708479476044941
ARL5B_41,ARL5B,CAATACCGGAGGACCCACAGAGCAATCCAATTCCTAATTCTGACCTTATTAATACCATCT,6660,0.4166666666666667,0.2387994247055263
ARL5B_42,ARL5B,TCCTATGTGCTTTAATGAAACCATATGTGAATCTCATATATCTACCATGTTGGCCCAGCT,5873,0.38333333333333336,0.2179910002278423
ARL5B_43,ARL5B,CAGTTTACTCCAAGAGAATAAAATAGGGGCTTCAGAGTCCCTAAATTTCCTGAGGGAAAA,6135,0.4,0.2176080498448919
ARL5B_44,ARL5B,ATTCTGAGGCAAGAAATAATAAATACTGAGTACAGGGCCTGCTGCTTCCTCTTTAATGCT,6460,0.4,0.1931727437598278
ARL5B_45,ARL5B,GGTCTCCAAAGATAAATTCCAAAGAAATTTATCCATCTTTAGACACGACACCAGCACATT,4161,0.36666666666666664,0.1641342436984125
ARL5B_46,ARL5B,TATTCTAAAAGCTAGGATTCAATTCAGCAGTTTCCTATAACATTTTAGAACCCAAGGCAT,1880,0.3333333333333333,0.1447056251286121
ARL5B_47,ARL5B,TCATTTAAACAATCCCACCATCAGGAAAACATGCTTTGAACCATTTTCAAGAAGTGATCA,6860,0.35,0.1195175985611633
ARL5B_48,ARL5B,TGTTGAATGAAAACAAATGAATGTTACACTATATTGCACCATGATTGGAAATGAGCCAAA,7101,0.31666666666666665,0.1169691521863833
ARL5B_49,ARL5B,GTTTTCTATTCCAAAAGCTATGCACAGCACATTTCATATTTCTCCATTTCCAGGAGAAAA,5591,0.35,0.1115450070108933
ARL5B_50,ARL5B,CCAAATGTTTCACCAAACTATATACATTTAAAGCTGCCTTTAGGTCTGAGGGGCACAATT,5213,0.38333333333333336,0.1006460722132096
ARL5B_51,ARL5B,TTTGGGGAACCTGGCTTTTGGATTTCAGTCTTCACAGTAAAAGTGAATGAATAAGGAGGA,5051,0.4,0.0453456982725129
ARL5B_52,ARL5B,AAGTACCCTAAATACGAGGAGAGGCAGAAATTCACTGCTTTCATTCACATTTTCTCTTAC,5376,0.38333333333333336,0.0417817170031641
ARL5B_53,ARL5B,ACTGATGGAAATATATTCACAGTATAAAAGAATCCATCAAATTTAGGATTTCTCCTTTCC,5972,0.3,0.0331066506266925
SCAF8_1,SCAF8,AGCTGCAGCTGCAGCTGTAAGTTGTGCCGTAAGAGCTTGCAACTGAACAACAAGACCAGC,951,0.5166666666666667,0.3333333333333333
SCAF8_2,SCAF8,TCCTCTTTCTTTCTCTTGAGCGGGAGCGTGATCGCTTTCTGTGTTTACGCTTTCTAGAGC,1534,0.48333333333333334,0.3214285714285714
SCAF8_3,SCAF8,CTTTCCCTGGTTTCTATAGGAGGAAACCGGTAATCTCTATCTCCTTCCTGTTGAATGTTA,3290,0.4166666666666667,0.3078231292517007
SCAF8_4,SCAF8,ACTGAGTTTCTGAAGAGCTCGAAATGCATCTTGTCGATGAACCATGCAGACATAAGCACA,1812,0.43333333333333335,0.3029761904761905
SCAF8_5,SCAF8,CAATAATCCCAGAACTACTGGAAACATTAGATGGCCGGACCCCAAGAATTTCAGAATTAC,2737,0.4166666666666667,0.2951636904761905
SCAF8_6,SCAF8,ATCTGTATTTGTTATCTGAGATACCCACGGATCAGGTAAGCCTTGGACCACATTGGCCGG,771,0.48333333333333334,0.2845238095238095
SCAF8_7,SCAF8,AGGGAATCTTGGCCCAGGTGCCTGTGGTATTAGTCCCGGACGAATGTCTAACATTGGCAT,3033,0.5166666666666667,0.2840136054421769
SCAF8_8,SCAF8,GTTTATAGTCATTCAGGGAATACAACTCGCTATTGAAGGTCTTCACGGCCTCCATGTTGT,29,0.43333333333333335,0.2697802197802198
SCAF8_9,SCAF8,AATCCAACATCTTTCACAGTTTCCGGTGTCATGGATAATGACGGCTGCACTAAAGATGTT,2408,0.4166666666666667,0.268452380952381
SCAF8_10,SCAF8,ATGTAAGCCTTTTGGACCACCATAGACCGGTAGAACCCGATGCTCTCTCTCATCAAAATC,3564,0.4666666666666667,0.25
SCAF8_11,SCAF8,TTACACCTTTGTTTAAAGCCCAAGCGATCTTAATGACCTTGGACCCAATTTTATATGATC,1876,0.36666666666666664,0.2464285714285714
SCAF8_12,SCAF8,CCACTTGCCCAACCCAGAGAGTAGTACTACATACACTTAGTGTTTTAGATCTAATTGGAG,1666,0.4166666666666667,0.2440655209452202
SCAF8_13,SCAF8,ATTAAAGCCAAAGTGGTCTCTTCGACCAAGATGATCTATACCTGGCCTCACAAGATTCTC,3477,0.43333333333333335,0.244047619047619
SCAF8_14,SCAF8,ATTGGACTGAATCCAGGAGGAGGAACCGGCATCGACACAGGAAATGCTGGTGGGACTAAA,2231,0.5166666666666667,0.2369047619047619
SCAF8_15,SCAF8,GCCAAAACAGGTGTGACAACTGGAGGCGGAATCCCGGCTGCCATATCCAAAAGGGGCTGA,656,0.5666666666666667,0.235064935064935
SCAF8_16,SCAF8,CTGACTACTCCCTTGTGATGGTGACGCTGAATGCTCTGACCCAAAGGTTCCTTCCTGACT,1269,0.5166666666666667,0.2329545454545454
SCAF8_17,SCAF8,GTTCCAAGGACCACTTCTAGGATCAAATCGATAGTTTCCAGACCGAAATCTACCTCTTTC,3627,0.43333333333333335,0.2298469387755102
SCAF8_18,SCAF8,GGAAGGCTGGGGCTTCTGTTGTTGTATCTGTAAGGTTTGTATTAATTGTTGAAGCTGCTG,873,0.43333333333333335,0.2216496598639456
SCAF8_19,SCAF8,CTCCCAGAATTCCAGAATTGCTTGTCACATTTGGCGGCTGTCCTCCTAAAATTGCAGCAT,2656,0.4666666666666667,0.2186791383219954
SCAF8_20,SCAF8,TCATAAAGTTCAGGATCATTCTGTACTGGTATAGGTGGTGGCTGAGCATGTCTCTCTGTA,3926,0.43333333333333335,0.2134353741496598
SCAF8_21,SCAF8,GAGGCCGTCCAGGACCTTCTCTTGGATCTATAGGCCGCCCAACCACATCTCTAACATCCA,3370,0.55,0.2102628554241457
SCAF8_22,SCAF8,AACCCAAGTGTTTTGAATTCTGTCTCGTCCAAGACGATTTCCATTCATTTCTCTGCAGAA,3777,0.4,0.2083333333333333
SCAF8_23,SCAF8,TCCAGGAGTATTTGGAACATTTGGTGGCTGTACTCCTACAAGTCCAGAATTGTTAGGTAT,2898,0.4166666666666667,0.2079373007944436
SCAF8_24,SCAF8,TTCACCATTAACCTGAGGCACATTATCACCTTTTCGTTGAGAAGTGGCCCCTTCAAAATA,3864,0.4166666666666667,0.2025689223057644
SCAF8_25,SCAF8,ATCCTTTTCTTGACCAAACTGATGTCGGGATTGTCGCACAATGGAGTCAATAACATAAAG,459,0.4,0.2
SCAF8_26,SCAF8,CCTTTGCCTCTCCCAGGGTCTTCTGCGGTCATCAAAATCTCTGTGAACTTCTTGTCCAAA,3693,0.48333333333333334,0.1847051597051597
SCAF8_27,SCAF8,ATGTGTTCTTGATCTTGAGCGAACCGCCACTTTCTTAGCTTCTTGTTCAAAGACCTCCTC,1422,0.45,0.1784064796487156
SCAF8_28,SCAF8,AGTTGGGCTCTGAGTTGTCTGGACCGTCTCTTTAACAGGTTCTGAGCTTTTCACAGTTTC,2070,0.4666666666666667,0.1710059781488352
SCAF8_29,SCAF8,AACATTTCCAGCTGGCAGAGCGGAAGTAGCAAGATTGCTGGCAACAGAACCGCCTGGTAT,2481,0.5166666666666667,0.1661923605200916
SCAF8_30,SCAF8,GGGGTAGCACTCCCAAAAGTCCAGAACTATTTGACACACTGGGTGGCTGTATTCCCAATA,2833,0.48333333333333334,0.1592440999388261
SCAF8_31,SCAF8,CTGCTCCAAGAGCTGCTGTCTGAGATGTTCTAGGTTTTGCTGTTGTAGTTGTTCTGCTAT,1179,0.45,0.1535310189379956
SCAF8_32,SCAF8,TCACTATTTTACTCTTGTCATCCCCAGGGCAACGATATAAATTCTGGAAAGTGCTAATGA,547,0.38333333333333336,0.1489888379594261
SCAF8_33,SCAF8,TCAGAGTCTTCCCCAAAATCAAACCTATCCATCAACTTCTTGTTAAAGGAGACTCCCTGT,1034,0.4166666666666667,0.1262624858258221
SCAF8_34,SCAF8,CTTAATTCTGGCAGACAAAAGTGAACAACTATGGTCCAGTCAGCCATTATCTATTACAGA,4135,0.38333333333333336,0.1207392837577169
SCAF8_35,SCAF8,TCCCCTACACTCTCCACTCCCTTCTGCCCCTTCCTCCGACGGGCTCCTGTTTCACCTCCC,29,0.6333333333333333,0.1201243321093661
SCAF8_36,SCAF8,TCTGCAGCAGCCTAAAGATATGGATAAGATATACCACCACTTGCTATTCTGAAATATATC,4429,0.36666666666666664,0.1093075011872004
SCAF8_37,SCAF8,TGACAAGCTGTTATTCATTTCCTTGACGTTAAAAGAATCTGGGGCCAACATTTGTATTTT,4309,0.35,0.1082937826293308
SCAF8_38,SCAF8,AAAGGTATCTTTTACCTACTGAGTGATGATTATGTCCCCTCAGTTTCTGTGCTTTCTACC,4058,0.4,0.1062914909553565
SCAF8_39,SCAF8,CTGTACCACATGTTTATAGAACTTAATAGCTTTGATGGCTGCCTTAGTAATTTGGGTCAT,348,0.36666666666666664,0.1012676117877981
SCAF8_40,SCAF8,AAAATCTCTGTATTGTGCTCCTCAAATACCTAGAGCCAGTCTTTGCATAAAATATCACAG,4510,0.36666666666666664,0.0940460333317476
SCAF8_41,SCAF8,ACCAGCCCCGCTCGGCGAAGACAGAGGAGGAAGCGCTGGCAGCAGCGGCTGCGGCATCCA,72,0.7,0.086234896476678
SCAF8_42,SCAF8,TCACTTTCTATATCAGCAACTGTGTCACTCTTCTCCTTGTTTATTTCATTTGAAGATGTC,3992,0.35,0.0831385328023983
SCAF8_43,SCAF8,GGAACAAATCACAAACACTTACTTTGGAGAAACAGAGACCGTAGTGTAGATTTTACAAAA,4579,0.35,0.0492381863302179
SCAF8_44,SCAF8,AACAATGTCTATACAAGTCAGTTGTACAATTATTTTAAGAGAAAGGTGAACATGAACATC,4202,0.3,0.0299212657610396
